Transaction_ID,Transaction_Date,Center_Location,Membership_Type,Payment_Method,Amount_Paid,Settlement_Status,Expected_MDR_Fee,Expected_Fixed_Fee,Net_Realized_Cash,Settlement_Lag_Days,Recon_Audit_Flag
CFTXN100000,21-02-2026,Cult Indiranagar,Cultpass PRO,Credit Card,10366.44,Settled,207.33,2.5,10156.61,3,Clean: Settled
CFTXN100001,15-01-2026,Cult Gurugram Cyberhub,Cultpass ELITE,Debit Card,12830.61,Failed,128.31,1,0,2,Leakage: Gateway Drop
CFTXN100002,13-03-2026,Cult Indiranagar,Cultpass ELITE,UPI,15473.04,Failed,0,0,0,0,Leakage: Gateway Drop
CFTXN100003,02-03-2026,Cult HSR Layout,Cultpass ELITE,UPI,15416.91,Settled,0,0,15416.91,0,Clean: Settled
CFTXN100004,21-01-2026,Cult Indiranagar,Cultpass PLAY,UPI,9039.44,Settled,0,0,9039.44,0,Clean: Settled
CFTXN100005,24-03-2026,Cult Whitefield,Cultpass LIVE,Cash,3758.26,Settled,0,0,3758.26,0,Clean: Settled
CFTXN100006,28-03-2026,Cult Indiranagar,Cultpass ELITE,UPI,14228.92,Settled,0,0,14228.92,0,Clean: Settled
CFTXN100007,16-03-2026,Cult Gurugram Cyberhub,Cultpass ELITE,UPI,15711.16,Settled,0,0,15711.16,0,Clean: Settled
CFTXN100008,16-03-2026,Cult Indiranagar,Cultpass LIVE,Debit Card,4266.15,Settled,42.66,1,4222.49,2,Clean: Settled
CFTXN100009,29-03-2026,Cult HSR Layout,Cultpass ELITE,Credit Card,14815.71,Settled,296.31,2.5,14516.9,3,Clean: Settled
CFTXN100010,24-01-2026,Cult HSR Layout,Cultpass ELITE,Cash,14658.36,Settled,0,0,14658.36,0,Clean: Settled
CFTXN100011,03-01-2026,Cult Indiranagar,Cultpass PLAY,Debit Card,7729.52,Settled,77.3,1,7651.22,2,Clean: Settled
CFTXN100012,22-01-2026,Cult HSR Layout,Cultpass ELITE,Credit Card,17166.27,Settled,343.33,2.5,16820.44,3,Clean: Settled
CFTXN100013,22-02-2026,Cult HSR Layout,Cultpass PRO,UPI,9614.08,Settled,0,0,9614.08,0,Clean: Settled
CFTXN100014,02-01-2026,Cult Gurugram Cyberhub,Cultpass PLAY,Credit Card,9289.76,Settled,185.8,2.5,9101.46,3,Clean: Settled
CFTXN100015,29-03-2026,Cult Whitefield,Cultpass ELITE,UPI,15024.02,Settled,0,0,15024.02,0,Clean: Settled
CFTXN100016,30-01-2026,Cult Gurugram Cyberhub,Cultpass ELITE,UPI,17695.2,Settled,0,0,17695.2,0,Clean: Settled
CFTXN100017,07-02-2026,Cult Koramangala,Cultpass ELITE,Debit Card,16996.99,Failed,169.97,1,0,2,Leakage: Gateway Drop
CFTXN100018,02-01-2026,Cult Gurugram Cyberhub,Cultpass LIVE,UPI,3724.86,Failed,0,0,0,0,Leakage: Gateway Drop
CFTXN100019,05-03-2026,Cult Indiranagar,Cultpass PLAY,Credit Card,9022.74,Pending,180.45,2.5,0,3,At Risk: In-Transit Float
CFTXN100020,01-03-2026,Cult Whitefield,Cultpass LIVE,Debit Card,3220.13,Settled,32.2,1,3186.93,2,Clean: Settled
CFTXN100021,21-01-2026,Cult Indiranagar,Cultpass ELITE,Debit Card,17550.28,Settled,175.5,1,17373.78,2,Clean: Settled
CFTXN100022,02-02-2026,Cult Koramangala,Cultpass LIVE,UPI,4263.29,Settled,0,0,4263.29,0,Clean: Settled
CFTXN100023,17-03-2026,Cult Whitefield,Cultpass PLAY,UPI,6190.37,Settled,0,0,6190.37,0,Clean: Settled
CFTXN100024,27-02-2026,Cult HSR Layout,Cultpass PRO,Debit Card,10254.9,Failed,102.55,1,0,2,Leakage: Gateway Drop
CFTXN100025,22-01-2026,Cult Gurugram Cyberhub,Cultpass PLAY,UPI,9409.87,Settled,0,0,9409.87,0,Clean: Settled
CFTXN100026,30-03-2026,Cult Indiranagar,Cultpass LIVE,Credit Card,3139.6,Settled,62.79,2.5,3074.31,3,Clean: Settled
CFTXN100027,18-02-2026,Cult Koramangala,Cultpass PRO,Net Banking,9941.41,Pending,149.12,3,0,1,At Risk: In-Transit Float
CFTXN100028,28-02-2026,Cult HSR Layout,Cultpass PRO,Debit Card,10617.28,Settled,106.17,1,10510.11,2,Clean: Settled
CFTXN100029,11-02-2026,Cult Gurugram Cyberhub,Cultpass ELITE,UPI,16861.55,Settled,0,0,16861.55,0,Clean: Settled
CFTXN100030,01-03-2026,Cult HSR Layout,Cultpass ELITE,Credit Card,14482.96,Pending,289.66,2.5,0,3,At Risk: In-Transit Float
CFTXN100031,21-03-2026,Cult Gurugram Cyberhub,Cultpass PRO,Credit Card,8714.58,Settled,174.29,2.5,8537.79,3,Clean: Settled
CFTXN100032,15-01-2026,Cult Whitefield,Cultpass ELITE,Debit Card,12254.05,Failed,122.54,1,0,2,Leakage: Gateway Drop
CFTXN100033,03-03-2026,Cult HSR Layout,Cultpass PLAY,Net Banking,8029.04,Settled,120.44,3,7905.6,1,Clean: Settled
CFTXN100034,03-03-2026,Cult HSR Layout,Cultpass PLAY,Debit Card,7585.19,Failed,75.85,1,0,2,Leakage: Gateway Drop
CFTXN100035,16-02-2026,Cult HSR Layout,Cultpass LIVE,Net Banking,4897.49,Pending,73.46,3,0,1,At Risk: In-Transit Float
CFTXN100036,03-03-2026,Cult Whitefield,Cultpass ELITE,Debit Card,12363.63,Settled,123.64,1,12238.99,2,Clean: Settled
CFTXN100037,20-02-2026,Cult Koramangala,Cultpass ELITE,Debit Card,16112.37,Settled,161.12,1,15950.25,2,Clean: Settled
CFTXN100038,24-02-2026,Cult Gurugram Cyberhub,Cultpass ELITE,Credit Card,12149.8,Settled,243,2.5,11904.3,3,Clean: Settled
CFTXN100039,05-03-2026,Cult HSR Layout,Cultpass PRO,UPI,8600.02,Failed,0,0,0,0,Leakage: Gateway Drop
CFTXN100040,03-01-2026,Cult Whitefield,Cultpass LIVE,Credit Card,3907.16,Pending,78.14,2.5,0,3,At Risk: In-Transit Float
CFTXN100041,20-02-2026,Cult Koramangala,Cultpass PLAY,Net Banking,7592.05,Failed,113.88,3,0,1,Leakage: Gateway Drop
CFTXN100042,07-01-2026,Cult Gurugram Cyberhub,Cultpass PRO,Net Banking,10399.95,Settled,156,3,10240.95,1,Clean: Settled
CFTXN100043,21-01-2026,Cult Whitefield,Cultpass PLAY,Net Banking,9185.75,Settled,137.79,3,9044.96,1,Clean: Settled
CFTXN100044,14-03-2026,Cult Gurugram Cyberhub,Cultpass PLAY,Debit Card,8236.61,Settled,82.37,1,8153.24,2,Clean: Settled
CFTXN100045,08-02-2026,Cult HSR Layout,Cultpass ELITE,UPI,17721.21,Settled,0,0,17721.21,0,Clean: Settled
CFTXN100046,18-01-2026,Cult Koramangala,Cultpass PLAY,UPI,9085.65,Settled,0,0,9085.65,0,Clean: Settled
CFTXN100047,04-01-2026,Cult Whitefield,Cultpass ELITE,Credit Card,15507,Failed,310.14,2.5,0,3,Leakage: Gateway Drop
CFTXN100048,30-03-2026,Cult Koramangala,Cultpass ELITE,UPI,17002.75,Settled,0,0,17002.75,0,Clean: Settled
CFTXN100049,01-03-2026,Cult HSR Layout,Cultpass PRO,Credit Card,10249.02,Pending,204.98,2.5,0,3,At Risk: In-Transit Float
CFTXN100050,14-01-2026,Cult Koramangala,Cultpass ELITE,Debit Card,12471.35,Failed,124.71,1,0,2,Leakage: Gateway Drop
CFTXN100051,09-01-2026,Cult Koramangala,Cultpass PRO,Credit Card,10591.98,Settled,211.84,2.5,10377.64,3,Clean: Settled
CFTXN100052,31-03-2026,Cult Indiranagar,Cultpass PRO,Credit Card,8332.18,Settled,166.64,2.5,8163.04,3,Clean: Settled
CFTXN100053,22-02-2026,Cult Koramangala,Cultpass PRO,Debit Card,10079.29,Settled,100.79,1,9977.5,2,Clean: Settled
CFTXN100054,02-01-2026,Cult Gurugram Cyberhub,Cultpass ELITE,Debit Card,16215.84,Settled,162.16,1,16052.68,2,Clean: Settled
CFTXN100055,25-03-2026,Cult Whitefield,Cultpass PRO,UPI,8232.85,Settled,0,0,8232.85,0,Clean: Settled
CFTXN100056,01-03-2026,Cult Indiranagar,Cultpass PRO,Credit Card,8807.78,Settled,176.16,2.5,8629.12,3,Clean: Settled
CFTXN100057,12-03-2026,Cult Whitefield,Cultpass PRO,Debit Card,11204.85,Settled,112.05,1,11091.8,2,Clean: Settled
CFTXN100058,13-02-2026,Cult Whitefield,Cultpass PRO,Credit Card,10157.1,Failed,203.14,2.5,0,3,Leakage: Gateway Drop
CFTXN100059,08-01-2026,Cult HSR Layout,Cultpass ELITE,UPI,13477.72,Failed,0,0,0,0,Leakage: Gateway Drop
CFTXN100060,16-02-2026,Cult HSR Layout,Cultpass PRO,UPI,10417.38,Settled,0,0,10417.38,0,Clean: Settled
CFTXN100061,04-02-2026,Cult Indiranagar,Cultpass ELITE,UPI,15580.66,Pending,0,0,0,0,At Risk: In-Transit Float
CFTXN100062,19-03-2026,Cult HSR Layout,Cultpass PRO,UPI,9755.51,Settled,0,0,9755.51,0,Clean: Settled
CFTXN100063,22-03-2026,Cult HSR Layout,Cultpass LIVE,Credit Card,4952.37,Failed,99.05,2.5,0,3,Leakage: Gateway Drop
CFTXN100064,05-02-2026,Cult HSR Layout,Cultpass PRO,UPI,10392.09,Failed,0,0,0,0,Leakage: Gateway Drop
CFTXN100065,19-02-2026,Cult Whitefield,Cultpass PRO,Debit Card,9314.04,Failed,93.14,1,0,2,Leakage: Gateway Drop
CFTXN100066,04-01-2026,Cult Indiranagar,Cultpass PLAY,Debit Card,8800.26,Settled,88,1,8711.26,2,Clean: Settled
CFTXN100067,02-01-2026,Cult Whitefield,Cultpass LIVE,UPI,4769.17,Pending,0,0,0,0,At Risk: In-Transit Float
CFTXN100068,06-01-2026,Cult Gurugram Cyberhub,Cultpass PLAY,Credit Card,6438.27,Settled,128.77,2.5,6307,3,Clean: Settled
CFTXN100069,23-02-2026,Cult Whitefield,Cultpass LIVE,UPI,3401.11,Failed,0,0,0,0,Leakage: Gateway Drop
CFTXN100070,04-01-2026,Cult Gurugram Cyberhub,Cultpass ELITE,UPI,13297.36,Settled,0,0,13297.36,0,Clean: Settled
CFTXN100071,23-02-2026,Cult Koramangala,Cultpass ELITE,Credit Card,16147.27,Failed,322.95,2.5,0,3,Leakage: Gateway Drop
CFTXN100072,04-03-2026,Cult Koramangala,Cultpass PRO,Credit Card,10110.64,Pending,202.21,2.5,0,3,At Risk: In-Transit Float
CFTXN100073,18-01-2026,Cult Gurugram Cyberhub,Cultpass ELITE,Credit Card,15713.95,Settled,314.28,2.5,15397.17,3,Clean: Settled
CFTXN100074,31-03-2026,Cult Gurugram Cyberhub,Cultpass PRO,Net Banking,11292.71,Settled,169.39,3,11120.32,1,Clean: Settled
CFTXN100075,13-02-2026,Cult Whitefield,Cultpass ELITE,UPI,16655.47,Settled,0,0,16655.47,0,Clean: Settled
CFTXN100076,03-02-2026,Cult Gurugram Cyberhub,Cultpass PRO,Credit Card,8447.78,Settled,168.96,2.5,8276.32,3,Clean: Settled
CFTXN100077,15-03-2026,Cult Indiranagar,Cultpass LIVE,Debit Card,3695.01,Settled,36.95,1,3657.06,2,Clean: Settled
CFTXN100078,03-03-2026,Cult Koramangala,Cultpass LIVE,UPI,3870.79,Settled,0,0,3870.79,0,Clean: Settled
CFTXN100079,14-01-2026,Cult Koramangala,Cultpass PRO,UPI,9385.87,Pending,0,0,0,0,At Risk: In-Transit Float
CFTXN100080,17-02-2026,Cult Gurugram Cyberhub,Cultpass LIVE,Credit Card,4338.62,Pending,86.77,2.5,0,3,At Risk: In-Transit Float
CFTXN100081,15-01-2026,Cult HSR Layout,Cultpass PRO,Credit Card,11121.63,Settled,222.43,2.5,10896.7,3,Clean: Settled
CFTXN100082,13-03-2026,Cult HSR Layout,Cultpass PLAY,Net Banking,7071.18,Failed,106.07,3,0,1,Leakage: Gateway Drop
CFTXN100083,19-03-2026,Cult Gurugram Cyberhub,Cultpass ELITE,Credit Card,15311.26,Settled,306.23,2.5,15002.53,3,Clean: Settled
CFTXN100084,28-03-2026,Cult Indiranagar,Cultpass PLAY,Credit Card,8762.93,Settled,175.26,2.5,8585.17,3,Clean: Settled
CFTXN100085,03-03-2026,Cult HSR Layout,Cultpass PRO,Cash,9456.76,Settled,0,0,9456.76,0,Clean: Settled
CFTXN100086,09-02-2026,Cult Gurugram Cyberhub,Cultpass ELITE,UPI,13008.71,Settled,0,0,13008.71,0,Clean: Settled
CFTXN100087,26-03-2026,Cult Indiranagar,Cultpass ELITE,Credit Card,14849.71,Settled,296.99,2.5,14550.22,3,Clean: Settled
CFTXN100088,21-03-2026,Cult Indiranagar,Cultpass PRO,Credit Card,8193.28,Pending,163.87,2.5,0,3,At Risk: In-Transit Float
CFTXN100089,23-03-2026,Cult Whitefield,Cultpass ELITE,Credit Card,17654.3,Failed,353.09,2.5,0,3,Leakage: Gateway Drop
CFTXN100090,22-02-2026,Cult Indiranagar,Cultpass ELITE,Credit Card,12448.93,Pending,248.98,2.5,0,3,At Risk: In-Transit Float
CFTXN100091,24-01-2026,Cult HSR Layout,Cultpass PRO,Net Banking,9534.6,Settled,143.02,3,9388.58,1,Clean: Settled
CFTXN100092,26-01-2026,Cult HSR Layout,Cultpass PRO,Debit Card,9854.58,Settled,98.55,1,9755.03,2,Clean: Settled
CFTXN100093,30-03-2026,Cult Gurugram Cyberhub,Cultpass PRO,UPI,11448.56,Settled,0,0,11448.56,0,Clean: Settled
CFTXN100094,01-03-2026,Cult Gurugram Cyberhub,Cultpass PLAY,Net Banking,6581.08,Settled,98.72,3,6479.36,1,Clean: Settled
CFTXN100095,10-02-2026,Cult Indiranagar,Cultpass PRO,Debit Card,8400.51,Pending,84.01,1,0,2,At Risk: In-Transit Float
CFTXN100096,29-01-2026,Cult Koramangala,Cultpass PRO,Credit Card,8030.47,Pending,160.61,2.5,0,3,At Risk: In-Transit Float
CFTXN100097,15-01-2026,Cult Whitefield,Cultpass ELITE,Debit Card,12933.43,Settled,129.33,1,12803.1,2,Clean: Settled
CFTXN100098,14-02-2026,Cult Koramangala,Cultpass LIVE,Net Banking,3414.55,Pending,51.22,3,0,1,At Risk: In-Transit Float
CFTXN100099,06-03-2026,Cult Indiranagar,Cultpass ELITE,UPI,15783.49,Failed,0,0,0,0,Leakage: Gateway Drop
CFTXN100100,30-03-2026,Cult Indiranagar,Cultpass PLAY,Credit Card,6768.97,Pending,135.38,2.5,0,3,At Risk: In-Transit Float
CFTXN100101,12-03-2026,Cult Koramangala,Cultpass LIVE,UPI,3041.04,Settled,0,0,3041.04,0,Clean: Settled
CFTXN100102,09-01-2026,Cult Whitefield,Cultpass PRO,UPI,10893.16,Settled,0,0,10893.16,0,Clean: Settled
CFTXN100103,29-03-2026,Cult Koramangala,Cultpass ELITE,Net Banking,14193.57,Pending,212.9,3,0,1,At Risk: In-Transit Float
CFTXN100104,01-01-2026,Cult Gurugram Cyberhub,Cultpass PLAY,Credit Card,7237.94,Settled,144.76,2.5,7090.68,3,Clean: Settled
CFTXN100105,08-01-2026,Cult HSR Layout,Cultpass LIVE,Debit Card,3604.96,Settled,36.05,1,3567.91,2,Clean: Settled
CFTXN100106,29-03-2026,Cult Gurugram Cyberhub,Cultpass ELITE,Net Banking,17852.24,Pending,267.78,3,0,1,At Risk: In-Transit Float
CFTXN100107,04-03-2026,Cult HSR Layout,Cultpass ELITE,Debit Card,13020.69,Failed,130.21,1,0,2,Leakage: Gateway Drop
CFTXN100108,11-01-2026,Cult Indiranagar,Cultpass LIVE,Debit Card,4796.48,Settled,47.96,1,4747.52,2,Clean: Settled
CFTXN100109,22-03-2026,Cult Whitefield,Cultpass ELITE,Credit Card,16660.82,Pending,333.22,2.5,0,3,At Risk: In-Transit Float
CFTXN100110,08-01-2026,Cult Koramangala,Cultpass PLAY,Credit Card,6267.68,Settled,125.35,2.5,6139.83,3,Clean: Settled
CFTXN100111,04-02-2026,Cult Whitefield,Cultpass PRO,Credit Card,11453.55,Settled,229.07,2.5,11221.98,3,Clean: Settled
CFTXN100112,04-02-2026,Cult Koramangala,Cultpass ELITE,Net Banking,13628.2,Settled,204.42,3,13420.78,1,Clean: Settled
CFTXN100113,02-02-2026,Cult Gurugram Cyberhub,Cultpass LIVE,Credit Card,3197.17,Settled,63.94,2.5,3130.73,3,Clean: Settled
CFTXN100114,05-01-2026,Cult Gurugram Cyberhub,Cultpass ELITE,Debit Card,16975.89,Settled,169.76,1,16805.13,2,Clean: Settled
CFTXN100115,10-02-2026,Cult Koramangala,Cultpass PRO,UPI,10473.36,Failed,0,0,0,0,Leakage: Gateway Drop
CFTXN100116,28-01-2026,Cult Whitefield,Cultpass ELITE,Credit Card,15703.31,Settled,314.07,2.5,15386.74,3,Clean: Settled
CFTXN100117,07-01-2026,Cult Koramangala,Cultpass ELITE,Debit Card,12935.89,Settled,129.36,1,12805.53,2,Clean: Settled
CFTXN100118,14-03-2026,Cult Indiranagar,Cultpass PRO,UPI,9674.74,Failed,0,0,0,0,Leakage: Gateway Drop
CFTXN100119,13-03-2026,Cult Gurugram Cyberhub,Cultpass PRO,Net Banking,10731.95,Settled,160.98,3,10567.97,1,Clean: Settled
CFTXN100120,12-01-2026,Cult Indiranagar,Cultpass PRO,UPI,9062.68,Settled,0,0,9062.68,0,Clean: Settled
CFTXN100121,03-02-2026,Cult Gurugram Cyberhub,Cultpass LIVE,UPI,3623.38,Settled,0,0,3623.38,0,Clean: Settled
CFTXN100122,02-02-2026,Cult Gurugram Cyberhub,Cultpass PRO,Credit Card,8010.99,Failed,160.22,2.5,0,3,Leakage: Gateway Drop
CFTXN100123,17-02-2026,Cult HSR Layout,Cultpass ELITE,Net Banking,13045.46,Settled,195.68,3,12846.78,1,Clean: Settled
CFTXN100124,23-01-2026,Cult Indiranagar,Cultpass ELITE,Credit Card,17252.43,Settled,345.05,2.5,16904.88,3,Clean: Settled
CFTXN100125,03-03-2026,Cult Indiranagar,Cultpass PLAY,UPI,7546.11,Pending,0,0,0,0,At Risk: In-Transit Float
CFTXN100126,29-03-2026,Cult HSR Layout,Cultpass LIVE,Credit Card,4968.47,Settled,99.37,2.5,4866.6,3,Clean: Settled
CFTXN100127,06-02-2026,Cult Whitefield,Cultpass PRO,Net Banking,9384.98,Failed,140.77,3,0,1,Leakage: Gateway Drop
CFTXN100128,13-02-2026,Cult Indiranagar,Cultpass ELITE,UPI,16291.12,Pending,0,0,0,0,At Risk: In-Transit Float
CFTXN100129,27-03-2026,Cult Koramangala,Cultpass ELITE,UPI,13691.51,Settled,0,0,13691.51,0,Clean: Settled
CFTXN100130,04-02-2026,Cult HSR Layout,Cultpass LIVE,Credit Card,3727.62,Pending,74.55,2.5,0,3,At Risk: In-Transit Float
CFTXN100131,06-03-2026,Cult Indiranagar,Cultpass PLAY,Debit Card,6667.54,Settled,66.68,1,6599.86,2,Clean: Settled
CFTXN100132,16-02-2026,Cult Whitefield,Cultpass PRO,UPI,9214.72,Settled,0,0,9214.72,0,Clean: Settled
CFTXN100133,19-03-2026,Cult Indiranagar,Cultpass LIVE,UPI,4094.48,Pending,0,0,0,0,At Risk: In-Transit Float
CFTXN100134,03-01-2026,Cult Gurugram Cyberhub,Cultpass LIVE,Credit Card,4983.55,Settled,99.67,2.5,4881.38,3,Clean: Settled
CFTXN100135,01-01-2026,Cult Koramangala,Cultpass ELITE,Cash,15985.21,Settled,0,0,15985.21,0,Clean: Settled
CFTXN100136,05-01-2026,Cult HSR Layout,Cultpass PRO,Net Banking,8697.36,Settled,130.46,3,8563.9,1,Clean: Settled
CFTXN100137,31-03-2026,Cult Gurugram Cyberhub,Cultpass ELITE,Credit Card,12269.77,Settled,245.4,2.5,12021.87,3,Clean: Settled
CFTXN100138,14-01-2026,Cult Whitefield,Cultpass ELITE,UPI,12758.14,Failed,0,0,0,0,Leakage: Gateway Drop
CFTXN100139,27-01-2026,Cult Gurugram Cyberhub,Cultpass PLAY,Debit Card,7968.94,Settled,79.69,1,7888.25,2,Clean: Settled
CFTXN100140,09-01-2026,Cult Gurugram Cyberhub,Cultpass PRO,Debit Card,10678.06,Settled,106.78,1,10570.28,2,Clean: Settled
CFTXN100141,20-03-2026,Cult Whitefield,Cultpass PRO,Credit Card,11291.47,Settled,225.83,2.5,11063.14,3,Clean: Settled
CFTXN100142,15-01-2026,Cult Gurugram Cyberhub,Cultpass ELITE,UPI,12094.94,Settled,0,0,12094.94,0,Clean: Settled
CFTXN100143,31-03-2026,Cult HSR Layout,Cultpass ELITE,UPI,15136.56,Settled,0,0,15136.56,0,Clean: Settled
CFTXN100144,11-02-2026,Cult Indiranagar,Cultpass ELITE,Debit Card,14825.2,Pending,148.25,1,0,2,At Risk: In-Transit Float
CFTXN100145,18-03-2026,Cult Gurugram Cyberhub,Cultpass ELITE,UPI,15936.33,Failed,0,0,0,0,Leakage: Gateway Drop
CFTXN100146,20-02-2026,Cult HSR Layout,Cultpass PRO,UPI,9958.53,Failed,0,0,0,0,Leakage: Gateway Drop
CFTXN100147,04-03-2026,Cult Indiranagar,Cultpass ELITE,UPI,16122.23,Settled,0,0,16122.23,0,Clean: Settled
CFTXN100148,21-02-2026,Cult Indiranagar,Cultpass PRO,Credit Card,10303.29,Pending,206.07,2.5,0,3,At Risk: In-Transit Float
CFTXN100149,04-01-2026,Cult Gurugram Cyberhub,Cultpass ELITE,Net Banking,12702.07,Settled,190.53,3,12508.54,1,Clean: Settled
CFTXN100150,23-01-2026,Cult HSR Layout,Cultpass ELITE,Debit Card,16798.31,Failed,167.98,1,0,2,Leakage: Gateway Drop
CFTXN100151,15-01-2026,Cult Gurugram Cyberhub,Cultpass ELITE,Credit Card,12739.4,Pending,254.79,2.5,0,3,At Risk: In-Transit Float
CFTXN100152,12-02-2026,Cult Whitefield,Cultpass PRO,Credit Card,10444.86,Settled,208.9,2.5,10233.46,3,Clean: Settled
CFTXN100153,29-01-2026,Cult Indiranagar,Cultpass PRO,Debit Card,9456.51,Settled,94.57,1,9360.94,2,Clean: Settled
CFTXN100154,05-02-2026,Cult Gurugram Cyberhub,Cultpass PRO,Net Banking,9798.48,Settled,146.98,3,9648.5,1,Clean: Settled
CFTXN100155,13-01-2026,Cult Indiranagar,Cultpass PRO,Debit Card,11161.54,Settled,111.62,1,11048.92,2,Clean: Settled
CFTXN100156,01-02-2026,Cult HSR Layout,Cultpass LIVE,UPI,4779.77,Settled,0,0,4779.77,0,Clean: Settled
CFTXN100157,12-03-2026,Cult Koramangala,Cultpass ELITE,Credit Card,16907.14,Settled,338.14,2.5,16566.5,3,Clean: Settled
CFTXN100158,28-02-2026,Cult Gurugram Cyberhub,Cultpass ELITE,Debit Card,15060.89,Settled,150.61,1,14909.28,2,Clean: Settled
CFTXN100159,27-03-2026,Cult Gurugram Cyberhub,Cultpass LIVE,Cash,4472.48,Settled,0,0,4472.48,0,Clean: Settled
CFTXN100160,28-01-2026,Cult Indiranagar,Cultpass PRO,UPI,9795.14,Pending,0,0,0,0,At Risk: In-Transit Float
CFTXN100161,07-03-2026,Cult HSR Layout,Cultpass ELITE,Credit Card,17217.64,Settled,344.35,2.5,16870.79,3,Clean: Settled
CFTXN100162,11-02-2026,Cult Whitefield,Cultpass PLAY,Debit Card,7409.72,Failed,74.1,1,0,2,Leakage: Gateway Drop
CFTXN100163,14-02-2026,Cult HSR Layout,Cultpass LIVE,Credit Card,4940.47,Settled,98.81,2.5,4839.16,3,Clean: Settled
CFTXN100164,03-03-2026,Cult Gurugram Cyberhub,Cultpass ELITE,Debit Card,17593.94,Settled,175.94,1,17417,2,Clean: Settled
CFTXN100165,26-02-2026,Cult Whitefield,Cultpass PRO,UPI,10595.61,Failed,0,0,0,0,Leakage: Gateway Drop
CFTXN100166,06-01-2026,Cult HSR Layout,Cultpass PRO,UPI,8977.96,Settled,0,0,8977.96,0,Clean: Settled
CFTXN100167,28-01-2026,Cult Koramangala,Cultpass PRO,Credit Card,8460.79,Settled,169.22,2.5,8289.07,3,Clean: Settled
CFTXN100168,28-01-2026,Cult Indiranagar,Cultpass ELITE,Net Banking,17128.22,Settled,256.92,3,16868.3,1,Clean: Settled
CFTXN100169,13-02-2026,Cult HSR Layout,Cultpass ELITE,UPI,12991.81,Settled,0,0,12991.81,0,Clean: Settled
CFTXN100170,25-03-2026,Cult HSR Layout,Cultpass PRO,Debit Card,10989.91,Settled,109.9,1,10879.01,2,Clean: Settled
CFTXN100171,30-01-2026,Cult Koramangala,Cultpass PRO,Debit Card,9717.68,Pending,97.18,1,0,2,At Risk: In-Transit Float
CFTXN100172,03-03-2026,Cult Gurugram Cyberhub,Cultpass LIVE,UPI,3813.11,Settled,0,0,3813.11,0,Clean: Settled
CFTXN100173,16-03-2026,Cult Indiranagar,Cultpass PRO,UPI,11161.17,Settled,0,0,11161.17,0,Clean: Settled
CFTXN100174,30-03-2026,Cult HSR Layout,Cultpass ELITE,Debit Card,15623.11,Settled,156.23,1,15465.88,2,Clean: Settled
CFTXN100175,03-03-2026,Cult Whitefield,Cultpass PRO,Debit Card,10018.15,Settled,100.18,1,9916.97,2,Clean: Settled
CFTXN100176,01-01-2026,Cult HSR Layout,Cultpass ELITE,Credit Card,15352.6,Settled,307.05,2.5,15043.05,3,Clean: Settled
CFTXN100177,27-01-2026,Cult Indiranagar,Cultpass PRO,UPI,9299.09,Settled,0,0,9299.09,0,Clean: Settled
CFTXN100178,03-03-2026,Cult HSR Layout,Cultpass PRO,Debit Card,10749.75,Pending,107.5,1,0,2,At Risk: In-Transit Float
CFTXN100179,18-03-2026,Cult Koramangala,Cultpass ELITE,Credit Card,13516.79,Settled,270.34,2.5,13243.95,3,Clean: Settled
CFTXN100180,03-01-2026,Cult HSR Layout,Cultpass PRO,UPI,11286.13,Settled,0,0,11286.13,0,Clean: Settled
CFTXN100181,11-03-2026,Cult HSR Layout,Cultpass ELITE,Net Banking,17363.91,Pending,260.46,3,0,1,At Risk: In-Transit Float
CFTXN100182,13-03-2026,Cult Whitefield,Cultpass ELITE,Net Banking,14024.88,Failed,210.37,3,0,1,Leakage: Gateway Drop
CFTXN100183,27-01-2026,Cult Koramangala,Cultpass ELITE,Debit Card,16376.78,Settled,163.77,1,16212.01,2,Clean: Settled
CFTXN100184,09-01-2026,Cult Koramangala,Cultpass ELITE,Credit Card,15439.34,Failed,308.79,2.5,0,3,Leakage: Gateway Drop
CFTXN100185,03-03-2026,Cult HSR Layout,Cultpass PLAY,Debit Card,7181.77,Settled,71.82,1,7108.95,2,Clean: Settled
CFTXN100186,06-02-2026,Cult Whitefield,Cultpass PRO,Credit Card,11459.83,Pending,229.2,2.5,0,3,At Risk: In-Transit Float
CFTXN100187,20-02-2026,Cult HSR Layout,Cultpass ELITE,Net Banking,12151.42,Pending,182.27,3,0,1,At Risk: In-Transit Float
CFTXN100188,13-02-2026,Cult HSR Layout,Cultpass PRO,Credit Card,8884.26,Settled,177.69,2.5,8704.07,3,Clean: Settled
CFTXN100189,24-01-2026,Cult Indiranagar,Cultpass ELITE,Credit Card,15120.44,Settled,302.41,2.5,14815.53,3,Clean: Settled
CFTXN100190,20-03-2026,Cult Indiranagar,Cultpass PLAY,Debit Card,7826.84,Settled,78.27,1,7747.57,2,Clean: Settled
CFTXN100191,28-02-2026,Cult Whitefield,Cultpass PRO,Debit Card,10061.27,Settled,100.61,1,9959.66,2,Clean: Settled
CFTXN100192,01-02-2026,Cult Gurugram Cyberhub,Cultpass LIVE,UPI,4503.35,Settled,0,0,4503.35,0,Clean: Settled
CFTXN100193,29-03-2026,Cult Indiranagar,Cultpass ELITE,Debit Card,15740.87,Settled,157.41,1,15582.46,2,Clean: Settled
CFTXN100194,21-02-2026,Cult Gurugram Cyberhub,Cultpass PRO,Credit Card,10100.99,Settled,202.02,2.5,9896.47,3,Clean: Settled
CFTXN100195,03-03-2026,Cult Koramangala,Cultpass PRO,Credit Card,8187.3,Settled,163.75,2.5,8021.05,3,Clean: Settled
CFTXN100196,27-02-2026,Cult Indiranagar,Cultpass LIVE,Debit Card,3753.06,Settled,37.53,1,3714.53,2,Clean: Settled
CFTXN100197,21-02-2026,Cult Indiranagar,Cultpass ELITE,Credit Card,13392.33,Settled,267.85,2.5,13121.98,3,Clean: Settled
CFTXN100198,12-01-2026,Cult Whitefield,Cultpass ELITE,UPI,13592.22,Pending,0,0,0,0,At Risk: In-Transit Float
CFTXN100199,08-02-2026,Cult Gurugram Cyberhub,Cultpass PLAY,UPI,7940.18,Settled,0,0,7940.18,0,Clean: Settled
CFTXN100200,02-01-2026,Cult Indiranagar,Cultpass PRO,UPI,8698.27,Settled,0,0,8698.27,0,Clean: Settled
CFTXN100201,03-01-2026,Cult Indiranagar,Cultpass ELITE,Net Banking,13763.69,Pending,206.46,3,0,1,At Risk: In-Transit Float
CFTXN100202,25-02-2026,Cult Whitefield,Cultpass ELITE,Net Banking,13422.51,Settled,201.34,3,13218.17,1,Clean: Settled
CFTXN100203,22-03-2026,Cult Whitefield,Cultpass PLAY,Net Banking,9319.76,Pending,139.8,3,0,1,At Risk: In-Transit Float
CFTXN100204,28-02-2026,Cult Gurugram Cyberhub,Cultpass ELITE,Credit Card,17667.99,Settled,353.36,2.5,17312.13,3,Clean: Settled
CFTXN100205,02-01-2026,Cult Koramangala,Cultpass LIVE,Credit Card,4219.88,Settled,84.4,2.5,4132.98,3,Clean: Settled
CFTXN100206,02-01-2026,Cult Koramangala,Cultpass LIVE,Credit Card,4849.04,Settled,96.98,2.5,4749.56,3,Clean: Settled
CFTXN100207,23-02-2026,Cult HSR Layout,Cultpass ELITE,Net Banking,16714.88,Pending,250.72,3,0,1,At Risk: In-Transit Float
CFTXN100208,28-03-2026,Cult Indiranagar,Cultpass PRO,Cash,10064.82,Settled,0,0,10064.82,0,Clean: Settled
CFTXN100209,01-01-2026,Cult Gurugram Cyberhub,Cultpass ELITE,Net Banking,12038.61,Settled,180.58,3,11855.03,1,Clean: Settled
CFTXN100210,19-01-2026,Cult Indiranagar,Cultpass ELITE,Credit Card,16635.1,Failed,332.7,2.5,0,3,Leakage: Gateway Drop
CFTXN100211,02-01-2026,Cult Gurugram Cyberhub,Cultpass LIVE,Net Banking,4404.98,Settled,66.07,3,4335.91,1,Clean: Settled
CFTXN100212,22-02-2026,Cult Gurugram Cyberhub,Cultpass PLAY,Debit Card,8153.39,Failed,81.53,1,0,2,Leakage: Gateway Drop
CFTXN100213,13-02-2026,Cult Gurugram Cyberhub,Cultpass PRO,Credit Card,10661.49,Settled,213.23,2.5,10445.76,3,Clean: Settled
CFTXN100214,31-03-2026,Cult Indiranagar,Cultpass PRO,Debit Card,9795.23,Failed,97.95,1,0,2,Leakage: Gateway Drop
CFTXN100215,01-02-2026,Cult Whitefield,Cultpass ELITE,Credit Card,16224.5,Settled,324.49,2.5,15897.51,3,Clean: Settled
CFTXN100216,11-03-2026,Cult Indiranagar,Cultpass ELITE,Debit Card,17611.03,Settled,176.11,1,17433.92,2,Clean: Settled
CFTXN100217,01-02-2026,Cult Gurugram Cyberhub,Cultpass ELITE,Credit Card,14254.83,Settled,285.1,2.5,13967.23,3,Clean: Settled
CFTXN100218,09-03-2026,Cult HSR Layout,Cultpass ELITE,Debit Card,16248.73,Pending,162.49,1,0,2,At Risk: In-Transit Float
CFTXN100219,24-02-2026,Cult Koramangala,Cultpass ELITE,UPI,14854.13,Settled,0,0,14854.13,0,Clean: Settled
CFTXN100220,16-03-2026,Cult Gurugram Cyberhub,Cultpass ELITE,Net Banking,16046.4,Settled,240.7,3,15802.7,1,Clean: Settled
CFTXN100221,25-02-2026,Cult HSR Layout,Cultpass ELITE,UPI,16577.36,Settled,0,0,16577.36,0,Clean: Settled
CFTXN100222,17-01-2026,Cult Whitefield,Cultpass ELITE,Debit Card,12272.72,Settled,122.73,1,12148.99,2,Clean: Settled
CFTXN100223,07-02-2026,Cult Gurugram Cyberhub,Cultpass PRO,UPI,10263.1,Settled,0,0,10263.1,0,Clean: Settled
CFTXN100224,24-01-2026,Cult HSR Layout,Cultpass LIVE,Net Banking,3453.48,Pending,51.8,3,0,1,At Risk: In-Transit Float
CFTXN100225,10-03-2026,Cult Gurugram Cyberhub,Cultpass ELITE,Credit Card,16020.2,Pending,320.4,2.5,0,3,At Risk: In-Transit Float
CFTXN100226,11-03-2026,Cult Indiranagar,Cultpass PLAY,Debit Card,7639.16,Settled,76.39,1,7561.77,2,Clean: Settled
CFTXN100227,27-03-2026,Cult HSR Layout,Cultpass PLAY,Credit Card,8707.43,Failed,174.15,2.5,0,3,Leakage: Gateway Drop
CFTXN100228,11-01-2026,Cult Indiranagar,Cultpass ELITE,Credit Card,12740.4,Pending,254.81,2.5,0,3,At Risk: In-Transit Float
CFTXN100229,16-01-2026,Cult Indiranagar,Cultpass LIVE,UPI,4252.64,Settled,0,0,4252.64,0,Clean: Settled
CFTXN100230,14-03-2026,Cult HSR Layout,Cultpass PRO,Net Banking,8974.65,Failed,134.62,3,0,1,Leakage: Gateway Drop
CFTXN100231,28-02-2026,Cult Koramangala,Cultpass PRO,Credit Card,10985.44,Settled,219.71,2.5,10763.23,3,Clean: Settled
CFTXN100232,11-03-2026,Cult HSR Layout,Cultpass ELITE,UPI,17570.3,Settled,0,0,17570.3,0,Clean: Settled
CFTXN100233,21-03-2026,Cult Koramangala,Cultpass PRO,Net Banking,11487.39,Pending,172.31,3,0,1,At Risk: In-Transit Float
CFTXN100234,03-01-2026,Cult Gurugram Cyberhub,Cultpass ELITE,Net Banking,16776.04,Settled,251.64,3,16521.4,1,Clean: Settled
CFTXN100235,20-01-2026,Cult Gurugram Cyberhub,Cultpass PRO,Credit Card,10638.07,Settled,212.76,2.5,10422.81,3,Clean: Settled
CFTXN100236,28-02-2026,Cult HSR Layout,Cultpass PRO,Net Banking,8754.25,Pending,131.31,3,0,1,At Risk: In-Transit Float
CFTXN100237,05-02-2026,Cult Gurugram Cyberhub,Cultpass PRO,Credit Card,9176.02,Settled,183.52,2.5,8990,3,Clean: Settled
CFTXN100238,19-01-2026,Cult Whitefield,Cultpass PRO,UPI,9629.89,Settled,0,0,9629.89,0,Clean: Settled
CFTXN100239,31-03-2026,Cult Indiranagar,Cultpass LIVE,Credit Card,4546.76,Pending,90.94,2.5,0,3,At Risk: In-Transit Float
CFTXN100240,08-03-2026,Cult Indiranagar,Cultpass ELITE,Credit Card,17489.8,Settled,349.8,2.5,17137.5,3,Clean: Settled
CFTXN100241,19-01-2026,Cult Koramangala,Cultpass ELITE,UPI,13134.83,Settled,0,0,13134.83,0,Clean: Settled
CFTXN100242,20-01-2026,Cult Gurugram Cyberhub,Cultpass LIVE,Debit Card,4844.73,Settled,48.45,1,4795.28,2,Clean: Settled
CFTXN100243,12-03-2026,Cult Koramangala,Cultpass ELITE,Credit Card,16173.75,Settled,323.48,2.5,15847.77,3,Clean: Settled
CFTXN100244,21-02-2026,Cult Indiranagar,Cultpass ELITE,Credit Card,15664.62,Failed,313.29,2.5,0,3,Leakage: Gateway Drop
CFTXN100245,02-02-2026,Cult Indiranagar,Cultpass ELITE,UPI,13199.05,Settled,0,0,13199.05,0,Clean: Settled
CFTXN100246,09-02-2026,Cult Gurugram Cyberhub,Cultpass ELITE,Credit Card,12333.15,Settled,246.66,2.5,12083.99,3,Clean: Settled
CFTXN100247,08-02-2026,Cult Whitefield,Cultpass PLAY,UPI,7989.63,Settled,0,0,7989.63,0,Clean: Settled
CFTXN100248,23-03-2026,Cult Whitefield,Cultpass PRO,Credit Card,10280.3,Settled,205.61,2.5,10072.19,3,Clean: Settled
CFTXN100249,01-01-2026,Cult Gurugram Cyberhub,Cultpass PLAY,Credit Card,6737.74,Failed,134.75,2.5,0,3,Leakage: Gateway Drop
CFTXN100250,11-01-2026,Cult Gurugram Cyberhub,Cultpass PRO,Debit Card,9947.6,Settled,99.48,1,9847.12,2,Clean: Settled
CFTXN100251,26-02-2026,Cult Koramangala,Cultpass PRO,Debit Card,10997.73,Pending,109.98,1,0,2,At Risk: In-Transit Float
CFTXN100252,30-03-2026,Cult Gurugram Cyberhub,Cultpass ELITE,Debit Card,17010.4,Pending,170.1,1,0,2,At Risk: In-Transit Float
CFTXN100253,19-02-2026,Cult Whitefield,Cultpass PRO,Credit Card,11245.74,Settled,224.91,2.5,11018.33,3,Clean: Settled
CFTXN100254,23-01-2026,Cult Gurugram Cyberhub,Cultpass ELITE,Cash,14195.31,Pending,0,0,0,0,At Risk: In-Transit Float
CFTXN100255,31-01-2026,Cult Koramangala,Cultpass PLAY,UPI,7113.17,Settled,0,0,7113.17,0,Clean: Settled
CFTXN100256,11-02-2026,Cult Koramangala,Cultpass LIVE,Credit Card,4498.85,Settled,89.98,2.5,4406.37,3,Clean: Settled
CFTXN100257,07-01-2026,Cult Koramangala,Cultpass ELITE,Debit Card,14586.67,Settled,145.87,1,14439.8,2,Clean: Settled
CFTXN100258,16-01-2026,Cult Koramangala,Cultpass PLAY,Net Banking,6306.42,Settled,94.6,3,6208.82,1,Clean: Settled
CFTXN100259,31-03-2026,Cult HSR Layout,Cultpass LIVE,Credit Card,3565.6,Settled,71.31,2.5,3491.79,3,Clean: Settled
CFTXN100260,01-03-2026,Cult Gurugram Cyberhub,Cultpass PRO,Credit Card,9465.04,Settled,189.3,2.5,9273.24,3,Clean: Settled
CFTXN100261,02-01-2026,Cult Indiranagar,Cultpass ELITE,UPI,13755.1,Settled,0,0,13755.1,0,Clean: Settled
CFTXN100262,01-01-2026,Cult Gurugram Cyberhub,Cultpass PRO,UPI,9162.72,Settled,0,0,9162.72,0,Clean: Settled
CFTXN100263,17-02-2026,Cult HSR Layout,Cultpass PRO,UPI,9028.22,Failed,0,0,0,0,Leakage: Gateway Drop
CFTXN100264,12-01-2026,Cult Koramangala,Cultpass ELITE,Credit Card,12249,Failed,244.98,2.5,0,3,Leakage: Gateway Drop
CFTXN100265,10-03-2026,Cult HSR Layout,Cultpass ELITE,Credit Card,15822.57,Settled,316.45,2.5,15503.62,3,Clean: Settled
CFTXN100266,06-02-2026,Cult Whitefield,Cultpass LIVE,UPI,4194.58,Settled,0,0,4194.58,0,Clean: Settled
CFTXN100267,01-02-2026,Cult Whitefield,Cultpass ELITE,Credit Card,15920.3,Failed,318.41,2.5,0,3,Leakage: Gateway Drop
CFTXN100268,09-01-2026,Cult Gurugram Cyberhub,Cultpass PRO,Debit Card,8673.08,Settled,86.73,1,8585.35,2,Clean: Settled
CFTXN100269,19-01-2026,Cult Gurugram Cyberhub,Cultpass PLAY,Debit Card,7034.79,Settled,70.35,1,6963.44,2,Clean: Settled
CFTXN100270,17-02-2026,Cult Indiranagar,Cultpass PLAY,Credit Card,8168.66,Failed,163.37,2.5,0,3,Leakage: Gateway Drop
CFTXN100271,21-03-2026,Cult Indiranagar,Cultpass ELITE,Net Banking,15597.77,Settled,233.97,3,15360.8,1,Clean: Settled
CFTXN100272,03-01-2026,Cult Whitefield,Cultpass PLAY,UPI,7772.16,Settled,0,0,7772.16,0,Clean: Settled
CFTXN100273,20-01-2026,Cult Koramangala,Cultpass ELITE,UPI,14102.48,Settled,0,0,14102.48,0,Clean: Settled
CFTXN100274,24-01-2026,Cult HSR Layout,Cultpass ELITE,Credit Card,17477.59,Failed,349.55,2.5,0,3,Leakage: Gateway Drop
CFTXN100275,23-02-2026,Cult Indiranagar,Cultpass PRO,Credit Card,9189.2,Failed,183.78,2.5,0,3,Leakage: Gateway Drop
CFTXN100276,02-02-2026,Cult Indiranagar,Cultpass ELITE,Debit Card,14733.71,Settled,147.34,1,14585.37,2,Clean: Settled
CFTXN100277,24-01-2026,Cult Koramangala,Cultpass ELITE,Credit Card,16068.68,Settled,321.37,2.5,15744.81,3,Clean: Settled
CFTXN100278,16-03-2026,Cult Koramangala,Cultpass PRO,Cash,9900.58,Pending,0,0,0,0,At Risk: In-Transit Float
CFTXN100279,13-03-2026,Cult Gurugram Cyberhub,Cultpass ELITE,Credit Card,14081.32,Failed,281.63,2.5,0,3,Leakage: Gateway Drop
CFTXN100280,05-02-2026,Cult HSR Layout,Cultpass ELITE,Debit Card,14613.87,Settled,146.14,1,14466.73,2,Clean: Settled
CFTXN100281,07-02-2026,Cult Koramangala,Cultpass PRO,Debit Card,10780.68,Settled,107.81,1,10671.87,2,Clean: Settled
CFTXN100282,25-03-2026,Cult Indiranagar,Cultpass LIVE,UPI,3556.26,Failed,0,0,0,0,Leakage: Gateway Drop
CFTXN100283,30-03-2026,Cult Indiranagar,Cultpass PRO,Credit Card,8497.89,Failed,169.96,2.5,0,3,Leakage: Gateway Drop
CFTXN100284,25-01-2026,Cult Whitefield,Cultpass ELITE,Debit Card,13878.98,Settled,138.79,1,13739.19,2,Clean: Settled
CFTXN100285,18-01-2026,Cult Koramangala,Cultpass PRO,Credit Card,10973.37,Settled,219.47,2.5,10751.4,3,Clean: Settled
CFTXN100286,23-03-2026,Cult Gurugram Cyberhub,Cultpass ELITE,Net Banking,12533.94,Settled,188.01,3,12342.93,1,Clean: Settled
CFTXN100287,07-03-2026,Cult HSR Layout,Cultpass ELITE,Credit Card,17950.18,Failed,359,2.5,0,3,Leakage: Gateway Drop
CFTXN100288,23-02-2026,Cult Gurugram Cyberhub,Cultpass LIVE,Net Banking,4082.01,Pending,61.23,3,0,1,At Risk: In-Transit Float
CFTXN100289,04-02-2026,Cult Indiranagar,Cultpass ELITE,UPI,17909.07,Settled,0,0,17909.07,0,Clean: Settled
CFTXN100290,21-03-2026,Cult Gurugram Cyberhub,Cultpass ELITE,Credit Card,17633.98,Settled,352.68,2.5,17278.8,3,Clean: Settled
CFTXN100291,02-03-2026,Cult Indiranagar,Cultpass PRO,UPI,9584.85,Settled,0,0,9584.85,0,Clean: Settled
CFTXN100292,10-02-2026,Cult Indiranagar,Cultpass PRO,Credit Card,8694.72,Pending,173.89,2.5,0,3,At Risk: In-Transit Float
CFTXN100293,02-02-2026,Cult Indiranagar,Cultpass PRO,Cash,8577.1,Settled,0,0,8577.1,0,Clean: Settled
CFTXN100294,09-03-2026,Cult Indiranagar,Cultpass ELITE,Debit Card,13439.94,Settled,134.4,1,13304.54,2,Clean: Settled
CFTXN100295,02-02-2026,Cult Indiranagar,Cultpass ELITE,Credit Card,16260.8,Settled,325.22,2.5,15933.08,3,Clean: Settled
CFTXN100296,14-01-2026,Cult Whitefield,Cultpass ELITE,Debit Card,13637.7,Failed,136.38,1,0,2,Leakage: Gateway Drop
CFTXN100297,21-01-2026,Cult Gurugram Cyberhub,Cultpass ELITE,Credit Card,14048.55,Settled,280.97,2.5,13765.08,3,Clean: Settled
CFTXN100298,17-02-2026,Cult Whitefield,Cultpass PRO,Cash,9570.73,Settled,0,0,9570.73,0,Clean: Settled
CFTXN100299,20-01-2026,Cult Whitefield,Cultpass LIVE,Credit Card,4826.47,Failed,96.53,2.5,0,3,Leakage: Gateway Drop
CFTXN100300,08-01-2026,Cult Koramangala,Cultpass LIVE,UPI,3378.79,Failed,0,0,0,0,Leakage: Gateway Drop
CFTXN100301,07-01-2026,Cult Koramangala,Cultpass LIVE,Debit Card,3010.05,Pending,30.1,1,0,2,At Risk: In-Transit Float
CFTXN100302,08-03-2026,Cult Koramangala,Cultpass PRO,Net Banking,8210.34,Settled,123.16,3,8084.18,1,Clean: Settled
CFTXN100303,17-01-2026,Cult HSR Layout,Cultpass PRO,Credit Card,11166.68,Failed,223.33,2.5,0,3,Leakage: Gateway Drop
CFTXN100304,02-02-2026,Cult Koramangala,Cultpass ELITE,Debit Card,15885.1,Settled,158.85,1,15725.25,2,Clean: Settled
CFTXN100305,17-02-2026,Cult Gurugram Cyberhub,Cultpass PRO,Debit Card,8955.64,Settled,89.56,1,8865.08,2,Clean: Settled
CFTXN100306,17-03-2026,Cult Whitefield,Cultpass PRO,UPI,8620.17,Settled,0,0,8620.17,0,Clean: Settled
CFTXN100307,28-02-2026,Cult Gurugram Cyberhub,Cultpass ELITE,Credit Card,13765.6,Settled,275.31,2.5,13487.79,3,Clean: Settled
CFTXN100308,27-03-2026,Cult Koramangala,Cultpass ELITE,Credit Card,12688.78,Pending,253.78,2.5,0,3,At Risk: In-Transit Float
CFTXN100309,22-01-2026,Cult HSR Layout,Cultpass PLAY,Credit Card,9295.37,Settled,185.91,2.5,9106.96,3,Clean: Settled
CFTXN100310,30-01-2026,Cult HSR Layout,Cultpass ELITE,UPI,16705.24,Failed,0,0,0,0,Leakage: Gateway Drop
CFTXN100311,07-02-2026,Cult Whitefield,Cultpass ELITE,Credit Card,14774.35,Settled,295.49,2.5,14476.36,3,Clean: Settled
CFTXN100312,20-02-2026,Cult Gurugram Cyberhub,Cultpass PRO,UPI,11027.37,Settled,0,0,11027.37,0,Clean: Settled
CFTXN100313,23-02-2026,Cult Indiranagar,Cultpass LIVE,Credit Card,3498.92,Settled,69.98,2.5,3426.44,3,Clean: Settled
CFTXN100314,08-01-2026,Cult Gurugram Cyberhub,Cultpass PRO,Net Banking,10509.92,Settled,157.65,3,10349.27,1,Clean: Settled
CFTXN100315,27-01-2026,Cult Koramangala,Cultpass PRO,Net Banking,10996.46,Settled,164.95,3,10828.51,1,Clean: Settled
CFTXN100316,27-01-2026,Cult Indiranagar,Cultpass ELITE,Debit Card,14140.61,Failed,141.41,1,0,2,Leakage: Gateway Drop
CFTXN100317,21-01-2026,Cult HSR Layout,Cultpass PRO,Debit Card,10651.13,Settled,106.51,1,10543.62,2,Clean: Settled
CFTXN100318,30-01-2026,Cult Whitefield,Cultpass ELITE,Credit Card,13770.43,Settled,275.41,2.5,13492.52,3,Clean: Settled
CFTXN100319,28-01-2026,Cult Whitefield,Cultpass LIVE,Credit Card,3597.71,Settled,71.95,2.5,3523.26,3,Clean: Settled
CFTXN100320,05-03-2026,Cult HSR Layout,Cultpass PRO,Credit Card,8374.7,Settled,167.49,2.5,8204.71,3,Clean: Settled
CFTXN100321,10-03-2026,Cult Koramangala,Cultpass ELITE,UPI,14640.35,Settled,0,0,14640.35,0,Clean: Settled
CFTXN100322,02-03-2026,Cult HSR Layout,Cultpass ELITE,Debit Card,16378.27,Settled,163.78,1,16213.49,2,Clean: Settled
CFTXN100323,17-02-2026,Cult Koramangala,Cultpass ELITE,Net Banking,17641.32,Settled,264.62,3,17373.7,1,Clean: Settled
CFTXN100324,19-01-2026,Cult Indiranagar,Cultpass ELITE,Debit Card,15622.78,Settled,156.23,1,15465.55,2,Clean: Settled
CFTXN100325,04-01-2026,Cult HSR Layout,Cultpass ELITE,UPI,17178.81,Settled,0,0,17178.81,0,Clean: Settled
CFTXN100326,04-02-2026,Cult Koramangala,Cultpass PRO,Debit Card,10878.73,Settled,108.79,1,10768.94,2,Clean: Settled
CFTXN100327,05-03-2026,Cult Indiranagar,Cultpass PRO,Debit Card,8606.7,Settled,86.07,1,8519.63,2,Clean: Settled
CFTXN100328,18-02-2026,Cult HSR Layout,Cultpass ELITE,Credit Card,14914.9,Settled,298.3,2.5,14614.1,3,Clean: Settled
CFTXN100329,17-01-2026,Cult Whitefield,Cultpass ELITE,Debit Card,12701.54,Failed,127.02,1,0,2,Leakage: Gateway Drop
CFTXN100330,13-02-2026,Cult HSR Layout,Cultpass ELITE,Debit Card,16092.92,Settled,160.93,1,15930.99,2,Clean: Settled
CFTXN100331,30-01-2026,Cult Gurugram Cyberhub,Cultpass PLAY,UPI,9324.65,Settled,0,0,9324.65,0,Clean: Settled
CFTXN100332,15-02-2026,Cult HSR Layout,Cultpass ELITE,Net Banking,12822.54,Settled,192.34,3,12627.2,1,Clean: Settled
CFTXN100333,06-01-2026,Cult Gurugram Cyberhub,Cultpass PRO,Credit Card,10568.59,Settled,211.37,2.5,10354.72,3,Clean: Settled
CFTXN100334,06-02-2026,Cult Indiranagar,Cultpass LIVE,Credit Card,4264.48,Pending,85.29,2.5,0,3,At Risk: In-Transit Float
CFTXN100335,24-01-2026,Cult HSR Layout,Cultpass PRO,Debit Card,10042.62,Settled,100.43,1,9941.19,2,Clean: Settled
CFTXN100336,15-02-2026,Cult Indiranagar,Cultpass PLAY,Debit Card,7365.42,Settled,73.65,1,7290.77,2,Clean: Settled
CFTXN100337,22-02-2026,Cult Indiranagar,Cultpass ELITE,Credit Card,14130.79,Pending,282.62,2.5,0,3,At Risk: In-Transit Float
CFTXN100338,01-03-2026,Cult Koramangala,Cultpass PLAY,UPI,6158.37,Failed,0,0,0,0,Leakage: Gateway Drop
CFTXN100339,04-03-2026,Cult Indiranagar,Cultpass ELITE,Cash,13307.45,Settled,0,0,13307.45,0,Clean: Settled
CFTXN100340,26-03-2026,Cult Indiranagar,Cultpass ELITE,Net Banking,12091.06,Failed,181.37,3,0,1,Leakage: Gateway Drop
CFTXN100341,01-02-2026,Cult HSR Layout,Cultpass PRO,Credit Card,10034.96,Settled,200.7,2.5,9831.76,3,Clean: Settled
CFTXN100342,28-03-2026,Cult HSR Layout,Cultpass PLAY,Net Banking,6370.49,Pending,95.56,3,0,1,At Risk: In-Transit Float
CFTXN100343,02-02-2026,Cult Whitefield,Cultpass LIVE,UPI,4746.04,Failed,0,0,0,0,Leakage: Gateway Drop
CFTXN100344,08-03-2026,Cult Koramangala,Cultpass ELITE,Debit Card,15138.86,Settled,151.39,1,14986.47,2,Clean: Settled
CFTXN100345,18-01-2026,Cult Indiranagar,Cultpass ELITE,Debit Card,16198.14,Settled,161.98,1,16035.16,2,Clean: Settled
CFTXN100346,25-01-2026,Cult Koramangala,Cultpass PLAY,UPI,7438,Pending,0,0,0,0,At Risk: In-Transit Float
CFTXN100347,23-02-2026,Cult Gurugram Cyberhub,Cultpass ELITE,Debit Card,15363.48,Failed,153.63,1,0,2,Leakage: Gateway Drop
CFTXN100348,27-02-2026,Cult Indiranagar,Cultpass LIVE,Debit Card,4885.32,Pending,48.85,1,0,2,At Risk: In-Transit Float
CFTXN100349,08-03-2026,Cult Koramangala,Cultpass LIVE,Debit Card,3165.47,Pending,31.65,1,0,2,At Risk: In-Transit Float
CFTXN100350,15-02-2026,Cult Whitefield,Cultpass PRO,UPI,8888.78,Failed,0,0,0,0,Leakage: Gateway Drop
CFTXN100351,24-01-2026,Cult Whitefield,Cultpass ELITE,Credit Card,16679.93,Settled,333.6,2.5,16343.83,3,Clean: Settled
CFTXN100352,01-02-2026,Cult Indiranagar,Cultpass PRO,Net Banking,8345.58,Settled,125.18,3,8217.4,1,Clean: Settled
CFTXN100353,16-02-2026,Cult Gurugram Cyberhub,Cultpass ELITE,UPI,12453.97,Settled,0,0,12453.97,0,Clean: Settled
CFTXN100354,27-03-2026,Cult Whitefield,Cultpass PLAY,UPI,7265.39,Settled,0,0,7265.39,0,Clean: Settled
CFTXN100355,23-01-2026,Cult Whitefield,Cultpass PRO,Credit Card,8322.59,Settled,166.45,2.5,8153.64,3,Clean: Settled
CFTXN100356,07-03-2026,Cult Gurugram Cyberhub,Cultpass PLAY,UPI,8047.77,Pending,0,0,0,0,At Risk: In-Transit Float
CFTXN100357,27-01-2026,Cult Koramangala,Cultpass ELITE,Credit Card,13357.65,Failed,267.15,2.5,0,3,Leakage: Gateway Drop
CFTXN100358,02-01-2026,Cult Whitefield,Cultpass PLAY,Credit Card,9134.94,Settled,182.7,2.5,8949.74,3,Clean: Settled
CFTXN100359,31-03-2026,Cult HSR Layout,Cultpass PRO,Debit Card,10742.25,Settled,107.42,1,10633.83,2,Clean: Settled
CFTXN100360,17-01-2026,Cult Whitefield,Cultpass ELITE,Debit Card,16198.23,Settled,161.98,1,16035.25,2,Clean: Settled
CFTXN100361,02-02-2026,Cult Koramangala,Cultpass ELITE,UPI,15701.66,Failed,0,0,0,0,Leakage: Gateway Drop
CFTXN100362,09-01-2026,Cult Koramangala,Cultpass LIVE,Credit Card,4726.93,Settled,94.54,2.5,4629.89,3,Clean: Settled
CFTXN100363,12-02-2026,Cult Indiranagar,Cultpass PRO,Debit Card,8780.72,Settled,87.81,1,8691.91,2,Clean: Settled
CFTXN100364,17-02-2026,Cult HSR Layout,Cultpass LIVE,Credit Card,4746.22,Settled,94.92,2.5,4648.8,3,Clean: Settled
CFTXN100365,08-02-2026,Cult Koramangala,Cultpass ELITE,Cash,16736.95,Failed,0,0,0,0,Leakage: Gateway Drop
CFTXN100366,11-02-2026,Cult Gurugram Cyberhub,Cultpass ELITE,UPI,16488.96,Settled,0,0,16488.96,0,Clean: Settled
CFTXN100367,26-01-2026,Cult HSR Layout,Cultpass PRO,UPI,9964.39,Pending,0,0,0,0,At Risk: In-Transit Float
CFTXN100368,19-02-2026,Cult HSR Layout,Cultpass ELITE,Credit Card,13477.46,Settled,269.55,2.5,13205.41,3,Clean: Settled
CFTXN100369,25-01-2026,Cult Gurugram Cyberhub,Cultpass PRO,Credit Card,9482.42,Settled,189.65,2.5,9290.27,3,Clean: Settled
CFTXN100370,24-01-2026,Cult Whitefield,Cultpass PLAY,Cash,8777.5,Settled,0,0,8777.5,0,Clean: Settled
CFTXN100371,13-01-2026,Cult Gurugram Cyberhub,Cultpass PLAY,Credit Card,6111.22,Settled,122.22,2.5,5986.5,3,Clean: Settled
CFTXN100372,01-03-2026,Cult Gurugram Cyberhub,Cultpass PLAY,Debit Card,8737.18,Settled,87.37,1,8648.81,2,Clean: Settled
CFTXN100373,07-01-2026,Cult Whitefield,Cultpass LIVE,UPI,3480.14,Settled,0,0,3480.14,0,Clean: Settled
CFTXN100374,26-02-2026,Cult Whitefield,Cultpass ELITE,Credit Card,12865.86,Pending,257.32,2.5,0,3,At Risk: In-Transit Float
CFTXN100375,05-02-2026,Cult Whitefield,Cultpass PRO,UPI,8404.95,Pending,0,0,0,0,At Risk: In-Transit Float
CFTXN100376,14-02-2026,Cult Whitefield,Cultpass PRO,Debit Card,8095.38,Settled,80.95,1,8013.43,2,Clean: Settled
CFTXN100377,20-01-2026,Cult Whitefield,Cultpass LIVE,Credit Card,4047.17,Failed,80.94,2.5,0,3,Leakage: Gateway Drop
CFTXN100378,06-03-2026,Cult Gurugram Cyberhub,Cultpass ELITE,Credit Card,13309.56,Settled,266.19,2.5,13040.87,3,Clean: Settled
CFTXN100379,08-01-2026,Cult Indiranagar,Cultpass PRO,Credit Card,11463.01,Settled,229.26,2.5,11231.25,3,Clean: Settled
CFTXN100380,16-01-2026,Cult Indiranagar,Cultpass ELITE,Net Banking,15446.62,Pending,231.7,3,0,1,At Risk: In-Transit Float
CFTXN100381,14-01-2026,Cult Koramangala,Cultpass PRO,UPI,8482.6,Failed,0,0,0,0,Leakage: Gateway Drop
CFTXN100382,17-03-2026,Cult Indiranagar,Cultpass PLAY,Credit Card,8410.67,Pending,168.21,2.5,0,3,At Risk: In-Transit Float
CFTXN100383,28-03-2026,Cult Indiranagar,Cultpass LIVE,Credit Card,4795.49,Settled,95.91,2.5,4697.08,3,Clean: Settled
CFTXN100384,15-01-2026,Cult Gurugram Cyberhub,Cultpass ELITE,UPI,16471.08,Settled,0,0,16471.08,0,Clean: Settled
CFTXN100385,07-03-2026,Cult Whitefield,Cultpass PLAY,UPI,6267.54,Settled,0,0,6267.54,0,Clean: Settled
CFTXN100386,01-02-2026,Cult Whitefield,Cultpass PRO,Debit Card,11135.59,Settled,111.36,1,11023.23,2,Clean: Settled
CFTXN100387,28-03-2026,Cult Gurugram Cyberhub,Cultpass ELITE,Debit Card,16763.58,Settled,167.64,1,16594.94,2,Clean: Settled
CFTXN100388,04-03-2026,Cult Indiranagar,Cultpass ELITE,Credit Card,12949.82,Failed,259,2.5,0,3,Leakage: Gateway Drop
CFTXN100389,27-03-2026,Cult Gurugram Cyberhub,Cultpass ELITE,UPI,12310.72,Pending,0,0,0,0,At Risk: In-Transit Float
CFTXN100390,20-02-2026,Cult Koramangala,Cultpass ELITE,Cash,15343.86,Settled,0,0,15343.86,0,Clean: Settled
CFTXN100391,25-01-2026,Cult Whitefield,Cultpass PLAY,Credit Card,6546.13,Failed,130.92,2.5,0,3,Leakage: Gateway Drop
CFTXN100392,27-02-2026,Cult HSR Layout,Cultpass PRO,UPI,10921.07,Pending,0,0,0,0,At Risk: In-Transit Float
CFTXN100393,04-03-2026,Cult Koramangala,Cultpass PLAY,Debit Card,7254.17,Failed,72.54,1,0,2,Leakage: Gateway Drop
CFTXN100394,03-03-2026,Cult Koramangala,Cultpass ELITE,Debit Card,17477.35,Settled,174.77,1,17301.58,2,Clean: Settled
CFTXN100395,22-01-2026,Cult Gurugram Cyberhub,Cultpass ELITE,Credit Card,15394.13,Settled,307.88,2.5,15083.75,3,Clean: Settled
CFTXN100396,27-02-2026,Cult Indiranagar,Cultpass PRO,UPI,8639.35,Settled,0,0,8639.35,0,Clean: Settled
CFTXN100397,27-02-2026,Cult Whitefield,Cultpass ELITE,Debit Card,12837.59,Settled,128.38,1,12708.21,2,Clean: Settled
CFTXN100398,27-03-2026,Cult HSR Layout,Cultpass PRO,Debit Card,10017.65,Pending,100.18,1,0,2,At Risk: In-Transit Float
CFTXN100399,18-02-2026,Cult Koramangala,Cultpass PLAY,Credit Card,8666.59,Failed,173.33,2.5,0,3,Leakage: Gateway Drop
CFTXN100400,21-02-2026,Cult HSR Layout,Cultpass PRO,Credit Card,10735.27,Settled,214.71,2.5,10518.06,3,Clean: Settled
CFTXN100401,11-02-2026,Cult Indiranagar,Cultpass PRO,Credit Card,8965.15,Settled,179.3,2.5,8783.35,3,Clean: Settled
CFTXN100402,11-03-2026,Cult Indiranagar,Cultpass ELITE,UPI,13225.48,Settled,0,0,13225.48,0,Clean: Settled
CFTXN100403,15-01-2026,Cult HSR Layout,Cultpass ELITE,Credit Card,12100.54,Settled,242.01,2.5,11856.03,3,Clean: Settled
CFTXN100404,23-02-2026,Cult Whitefield,Cultpass ELITE,UPI,16075.19,Settled,0,0,16075.19,0,Clean: Settled
CFTXN100405,01-03-2026,Cult Indiranagar,Cultpass PRO,Debit Card,8267.99,Pending,82.68,1,0,2,At Risk: In-Transit Float
CFTXN100406,08-01-2026,Cult HSR Layout,Cultpass ELITE,Debit Card,14524.57,Pending,145.25,1,0,2,At Risk: In-Transit Float
CFTXN100407,22-02-2026,Cult Koramangala,Cultpass ELITE,Debit Card,15610.09,Failed,156.1,1,0,2,Leakage: Gateway Drop
CFTXN100408,01-03-2026,Cult HSR Layout,Cultpass PRO,Debit Card,11279.88,Settled,112.8,1,11166.08,2,Clean: Settled
CFTXN100409,05-01-2026,Cult HSR Layout,Cultpass ELITE,Credit Card,13870.81,Settled,277.42,2.5,13590.89,3,Clean: Settled
CFTXN100410,09-03-2026,Cult Gurugram Cyberhub,Cultpass ELITE,Credit Card,13498.63,Pending,269.97,2.5,0,3,At Risk: In-Transit Float
CFTXN100411,06-01-2026,Cult Indiranagar,Cultpass ELITE,UPI,15924.96,Failed,0,0,0,0,Leakage: Gateway Drop
CFTXN100412,16-02-2026,Cult Whitefield,Cultpass PLAY,UPI,8167.34,Settled,0,0,8167.34,0,Clean: Settled
CFTXN100413,24-02-2026,Cult Whitefield,Cultpass PRO,Credit Card,9162.38,Pending,183.25,2.5,0,3,At Risk: In-Transit Float
CFTXN100414,09-02-2026,Cult Gurugram Cyberhub,Cultpass PRO,Debit Card,11248.36,Pending,112.48,1,0,2,At Risk: In-Transit Float
CFTXN100415,21-02-2026,Cult Whitefield,Cultpass ELITE,Credit Card,17069.17,Failed,341.38,2.5,0,3,Leakage: Gateway Drop
CFTXN100416,16-01-2026,Cult HSR Layout,Cultpass PLAY,Credit Card,6783.94,Failed,135.68,2.5,0,3,Leakage: Gateway Drop
CFTXN100417,13-01-2026,Cult Gurugram Cyberhub,Cultpass PRO,Credit Card,8837,Settled,176.74,2.5,8657.76,3,Clean: Settled
CFTXN100418,30-01-2026,Cult Koramangala,Cultpass ELITE,Net Banking,15073.8,Settled,226.11,3,14844.69,1,Clean: Settled
CFTXN100419,19-01-2026,Cult Indiranagar,Cultpass PLAY,Credit Card,8707.5,Settled,174.15,2.5,8530.85,3,Clean: Settled
CFTXN100420,17-01-2026,Cult Indiranagar,Cultpass ELITE,Credit Card,12264.24,Settled,245.28,2.5,12016.46,3,Clean: Settled
CFTXN100421,04-03-2026,Cult Indiranagar,Cultpass PRO,Credit Card,10426.67,Settled,208.53,2.5,10215.64,3,Clean: Settled
CFTXN100422,19-01-2026,Cult HSR Layout,Cultpass PRO,Credit Card,10268.83,Settled,205.38,2.5,10060.95,3,Clean: Settled
CFTXN100423,27-02-2026,Cult Koramangala,Cultpass ELITE,UPI,13388.88,Pending,0,0,0,0,At Risk: In-Transit Float
CFTXN100424,24-02-2026,Cult Gurugram Cyberhub,Cultpass PLAY,Credit Card,8384.74,Settled,167.69,2.5,8214.55,3,Clean: Settled
CFTXN100425,31-03-2026,Cult Gurugram Cyberhub,Cultpass LIVE,Credit Card,4880.37,Settled,97.61,2.5,4780.26,3,Clean: Settled
CFTXN100426,31-03-2026,Cult Indiranagar,Cultpass PRO,UPI,8163.75,Pending,0,0,0,0,At Risk: In-Transit Float
CFTXN100427,03-03-2026,Cult Koramangala,Cultpass ELITE,Credit Card,13917.91,Failed,278.36,2.5,0,3,Leakage: Gateway Drop
CFTXN100428,23-01-2026,Cult Koramangala,Cultpass ELITE,UPI,14629.06,Settled,0,0,14629.06,0,Clean: Settled
CFTXN100429,09-01-2026,Cult Koramangala,Cultpass ELITE,UPI,17395.56,Settled,0,0,17395.56,0,Clean: Settled
CFTXN100430,12-01-2026,Cult Whitefield,Cultpass LIVE,Credit Card,4924.52,Settled,98.49,2.5,4823.53,3,Clean: Settled
CFTXN100431,01-01-2026,Cult Whitefield,Cultpass ELITE,UPI,14664.69,Failed,0,0,0,0,Leakage: Gateway Drop
CFTXN100432,27-02-2026,Cult Indiranagar,Cultpass PRO,Credit Card,10625.1,Settled,212.5,2.5,10410.1,3,Clean: Settled
CFTXN100433,01-01-2026,Cult Koramangala,Cultpass LIVE,Debit Card,4063.32,Settled,40.63,1,4021.69,2,Clean: Settled
CFTXN100434,03-02-2026,Cult Koramangala,Cultpass ELITE,Debit Card,15226.7,Settled,152.27,1,15073.43,2,Clean: Settled
CFTXN100435,17-02-2026,Cult Gurugram Cyberhub,Cultpass PRO,Credit Card,8973.35,Pending,179.47,2.5,0,3,At Risk: In-Transit Float
CFTXN100436,30-03-2026,Cult Gurugram Cyberhub,Cultpass ELITE,UPI,13301.74,Failed,0,0,0,0,Leakage: Gateway Drop
CFTXN100437,01-01-2026,Cult Indiranagar,Cultpass PLAY,Net Banking,7008.02,Settled,105.12,3,6899.9,1,Clean: Settled
CFTXN100438,16-01-2026,Cult Koramangala,Cultpass PRO,Cash,9947.15,Settled,0,0,9947.15,0,Clean: Settled
CFTXN100439,02-03-2026,Cult Indiranagar,Cultpass ELITE,UPI,12174.93,Settled,0,0,12174.93,0,Clean: Settled
CFTXN100440,05-03-2026,Cult Gurugram Cyberhub,Cultpass ELITE,Debit Card,17443.49,Settled,174.43,1,17268.06,2,Clean: Settled
CFTXN100441,04-03-2026,Cult Gurugram Cyberhub,Cultpass PRO,Credit Card,8546.99,Settled,170.94,2.5,8373.55,3,Clean: Settled
CFTXN100442,10-03-2026,Cult Whitefield,Cultpass LIVE,Credit Card,3440.18,Pending,68.8,2.5,0,3,At Risk: In-Transit Float
CFTXN100443,22-01-2026,Cult Indiranagar,Cultpass LIVE,Debit Card,4036.55,Settled,40.37,1,3995.18,2,Clean: Settled
CFTXN100444,08-03-2026,Cult Indiranagar,Cultpass PRO,Debit Card,10485.4,Settled,104.85,1,10379.55,2,Clean: Settled
CFTXN100445,17-03-2026,Cult Koramangala,Cultpass ELITE,Net Banking,12574.37,Settled,188.62,3,12382.75,1,Clean: Settled
CFTXN100446,26-01-2026,Cult Koramangala,Cultpass ELITE,Debit Card,13906.17,Pending,139.06,1,0,2,At Risk: In-Transit Float
CFTXN100447,16-01-2026,Cult Whitefield,Cultpass ELITE,Debit Card,17812.05,Settled,178.12,1,17632.93,2,Clean: Settled
CFTXN100448,20-02-2026,Cult HSR Layout,Cultpass PRO,Debit Card,8918.2,Settled,89.18,1,8828.02,2,Clean: Settled
CFTXN100449,27-03-2026,Cult HSR Layout,Cultpass PLAY,UPI,7095.68,Settled,0,0,7095.68,0,Clean: Settled
CFTXN100450,26-02-2026,Cult HSR Layout,Cultpass PRO,UPI,10927.74,Settled,0,0,10927.74,0,Clean: Settled
CFTXN100451,29-01-2026,Cult Indiranagar,Cultpass ELITE,UPI,12301.29,Failed,0,0,0,0,Leakage: Gateway Drop
CFTXN100452,19-03-2026,Cult Indiranagar,Cultpass PRO,Credit Card,9626.15,Settled,192.52,2.5,9431.13,3,Clean: Settled
CFTXN100453,10-03-2026,Cult Gurugram Cyberhub,Cultpass LIVE,UPI,3759.23,Pending,0,0,0,0,At Risk: In-Transit Float
CFTXN100454,16-02-2026,Cult Indiranagar,Cultpass LIVE,Credit Card,3633.17,Settled,72.66,2.5,3558.01,3,Clean: Settled
CFTXN100455,03-03-2026,Cult Indiranagar,Cultpass PLAY,Net Banking,6999.95,Settled,105,3,6891.95,1,Clean: Settled
CFTXN100456,10-03-2026,Cult Indiranagar,Cultpass ELITE,Debit Card,12548.24,Settled,125.48,1,12421.76,2,Clean: Settled
CFTXN100457,17-03-2026,Cult Whitefield,Cultpass ELITE,Debit Card,13888.95,Failed,138.89,1,0,2,Leakage: Gateway Drop
CFTXN100458,16-01-2026,Cult Indiranagar,Cultpass PLAY,Debit Card,6150.68,Settled,61.51,1,6088.17,2,Clean: Settled
CFTXN100459,31-03-2026,Cult Koramangala,Cultpass PRO,UPI,10733.37,Failed,0,0,0,0,Leakage: Gateway Drop
CFTXN100460,31-03-2026,Cult Koramangala,Cultpass ELITE,Credit Card,14389.37,Settled,287.79,2.5,14099.08,3,Clean: Settled
CFTXN100461,17-02-2026,Cult Gurugram Cyberhub,Cultpass LIVE,Net Banking,3887.81,Settled,58.32,3,3826.49,1,Clean: Settled
CFTXN100462,26-03-2026,Cult Whitefield,Cultpass LIVE,Debit Card,4787.19,Failed,47.87,1,0,2,Leakage: Gateway Drop
CFTXN100463,08-02-2026,Cult Koramangala,Cultpass PRO,Credit Card,10303.19,Failed,206.06,2.5,0,3,Leakage: Gateway Drop
CFTXN100464,02-02-2026,Cult Whitefield,Cultpass PRO,Credit Card,8028.21,Settled,160.56,2.5,7865.15,3,Clean: Settled
CFTXN100465,23-01-2026,Cult Whitefield,Cultpass ELITE,Debit Card,17659.05,Settled,176.59,1,17481.46,2,Clean: Settled
CFTXN100466,10-01-2026,Cult Gurugram Cyberhub,Cultpass PRO,Debit Card,8830.01,Settled,88.3,1,8740.71,2,Clean: Settled
CFTXN100467,10-03-2026,Cult Whitefield,Cultpass PRO,Debit Card,8376.65,Pending,83.77,1,0,2,At Risk: In-Transit Float
CFTXN100468,03-02-2026,Cult Indiranagar,Cultpass LIVE,UPI,4536.26,Settled,0,0,4536.26,0,Clean: Settled
CFTXN100469,21-02-2026,Cult Whitefield,Cultpass LIVE,Debit Card,4000.95,Pending,40.01,1,0,2,At Risk: In-Transit Float
CFTXN100470,10-01-2026,Cult Gurugram Cyberhub,Cultpass LIVE,Cash,3867.54,Pending,0,0,0,0,At Risk: In-Transit Float
CFTXN100471,19-01-2026,Cult Gurugram Cyberhub,Cultpass ELITE,UPI,13497.02,Pending,0,0,0,0,At Risk: In-Transit Float
CFTXN100472,27-02-2026,Cult Gurugram Cyberhub,Cultpass LIVE,UPI,4094.94,Settled,0,0,4094.94,0,Clean: Settled
CFTXN100473,01-01-2026,Cult Koramangala,Cultpass LIVE,Credit Card,3548.77,Pending,70.98,2.5,0,3,At Risk: In-Transit Float
CFTXN100474,10-03-2026,Cult Indiranagar,Cultpass PRO,Debit Card,11155.54,Failed,111.56,1,0,2,Leakage: Gateway Drop
CFTXN100475,04-01-2026,Cult Koramangala,Cultpass LIVE,Credit Card,3430.41,Settled,68.61,2.5,3359.3,3,Clean: Settled
CFTXN100476,16-01-2026,Cult HSR Layout,Cultpass LIVE,UPI,4768.71,Failed,0,0,0,0,Leakage: Gateway Drop
CFTXN100477,24-01-2026,Cult Indiranagar,Cultpass PRO,Net Banking,9957.92,Failed,149.37,3,0,1,Leakage: Gateway Drop
CFTXN100478,21-03-2026,Cult Whitefield,Cultpass PRO,Credit Card,10899.71,Settled,217.99,2.5,10679.22,3,Clean: Settled
CFTXN100479,02-01-2026,Cult Gurugram Cyberhub,Cultpass ELITE,Credit Card,16277.08,Settled,325.54,2.5,15949.04,3,Clean: Settled
CFTXN100480,01-02-2026,Cult HSR Layout,Cultpass ELITE,Net Banking,16180.17,Pending,242.7,3,0,1,At Risk: In-Transit Float
CFTXN100481,25-03-2026,Cult Indiranagar,Cultpass PRO,Credit Card,9135.21,Settled,182.7,2.5,8950.01,3,Clean: Settled
CFTXN100482,24-01-2026,Cult Koramangala,Cultpass LIVE,UPI,3467.79,Settled,0,0,3467.79,0,Clean: Settled
CFTXN100483,12-01-2026,Cult Gurugram Cyberhub,Cultpass ELITE,Debit Card,13265.32,Settled,132.65,1,13131.67,2,Clean: Settled
CFTXN100484,19-02-2026,Cult Koramangala,Cultpass ELITE,UPI,17143.15,Settled,0,0,17143.15,0,Clean: Settled
CFTXN100485,04-02-2026,Cult Indiranagar,Cultpass PRO,Credit Card,10871.49,Settled,217.43,2.5,10651.56,3,Clean: Settled
CFTXN100486,02-02-2026,Cult Indiranagar,Cultpass ELITE,Credit Card,14643.44,Settled,292.87,2.5,14348.07,3,Clean: Settled
CFTXN100487,02-02-2026,Cult HSR Layout,Cultpass ELITE,UPI,12794.43,Settled,0,0,12794.43,0,Clean: Settled
CFTXN100488,02-03-2026,Cult Whitefield,Cultpass ELITE,Net Banking,14293.51,Settled,214.4,3,14076.11,1,Clean: Settled
CFTXN100489,20-02-2026,Cult Koramangala,Cultpass ELITE,Debit Card,15716.06,Settled,157.16,1,15557.9,2,Clean: Settled
CFTXN100490,12-02-2026,Cult HSR Layout,Cultpass ELITE,Credit Card,14726.42,Settled,294.53,2.5,14429.39,3,Clean: Settled
CFTXN100491,12-01-2026,Cult Gurugram Cyberhub,Cultpass ELITE,UPI,16681.14,Pending,0,0,0,0,At Risk: In-Transit Float
CFTXN100492,08-03-2026,Cult Whitefield,Cultpass PRO,Net Banking,11491.68,Failed,172.38,3,0,1,Leakage: Gateway Drop
CFTXN100493,06-03-2026,Cult HSR Layout,Cultpass PLAY,UPI,6668.96,Settled,0,0,6668.96,0,Clean: Settled
CFTXN100494,02-02-2026,Cult Koramangala,Cultpass PRO,Cash,9608.78,Settled,0,0,9608.78,0,Clean: Settled
CFTXN100495,09-02-2026,Cult Indiranagar,Cultpass LIVE,Credit Card,3861.97,Settled,77.24,2.5,3782.23,3,Clean: Settled
CFTXN100496,15-03-2026,Cult Gurugram Cyberhub,Cultpass ELITE,Credit Card,13826.96,Settled,276.54,2.5,13547.92,3,Clean: Settled
CFTXN100497,12-02-2026,Cult Koramangala,Cultpass ELITE,UPI,13188.57,Settled,0,0,13188.57,0,Clean: Settled
CFTXN100498,13-02-2026,Cult Whitefield,Cultpass LIVE,UPI,3131.38,Settled,0,0,3131.38,0,Clean: Settled
CFTXN100499,29-01-2026,Cult Whitefield,Cultpass ELITE,Credit Card,17322.72,Pending,346.45,2.5,0,3,At Risk: In-Transit Float
CFTXN100500,13-01-2026,Cult Indiranagar,Cultpass PRO,Credit Card,9469.47,Settled,189.39,2.5,9277.58,3,Clean: Settled
CFTXN100501,12-01-2026,Cult Indiranagar,Cultpass PRO,UPI,9739.13,Settled,0,0,9739.13,0,Clean: Settled
CFTXN100502,15-02-2026,Cult Gurugram Cyberhub,Cultpass PRO,Credit Card,11209.3,Settled,224.19,2.5,10982.61,3,Clean: Settled
CFTXN100503,02-01-2026,Cult Gurugram Cyberhub,Cultpass ELITE,Debit Card,16657.74,Settled,166.58,1,16490.16,2,Clean: Settled
CFTXN100504,04-02-2026,Cult Indiranagar,Cultpass ELITE,Debit Card,12783.01,Settled,127.83,1,12654.18,2,Clean: Settled
CFTXN100505,28-03-2026,Cult Indiranagar,Cultpass PRO,UPI,9978.97,Failed,0,0,0,0,Leakage: Gateway Drop
CFTXN100506,22-03-2026,Cult Whitefield,Cultpass ELITE,UPI,14653.51,Settled,0,0,14653.51,0,Clean: Settled
CFTXN100507,31-03-2026,Cult Indiranagar,Cultpass PRO,Debit Card,10790.24,Settled,107.9,1,10681.34,2,Clean: Settled
CFTXN100508,08-01-2026,Cult HSR Layout,Cultpass LIVE,UPI,4448.47,Settled,0,0,4448.47,0,Clean: Settled
CFTXN100509,26-01-2026,Cult Koramangala,Cultpass PLAY,UPI,8416.42,Settled,0,0,8416.42,0,Clean: Settled
CFTXN100510,15-03-2026,Cult Indiranagar,Cultpass ELITE,Debit Card,14043.27,Settled,140.43,1,13901.84,2,Clean: Settled
CFTXN100511,31-03-2026,Cult Gurugram Cyberhub,Cultpass LIVE,UPI,4609.93,Settled,0,0,4609.93,0,Clean: Settled
CFTXN100512,03-02-2026,Cult HSR Layout,Cultpass PRO,Credit Card,8183.37,Failed,163.67,2.5,0,3,Leakage: Gateway Drop
CFTXN100513,07-01-2026,Cult Gurugram Cyberhub,Cultpass ELITE,Credit Card,12957.75,Pending,259.16,2.5,0,3,At Risk: In-Transit Float
CFTXN100514,09-03-2026,Cult HSR Layout,Cultpass ELITE,Credit Card,14013.74,Settled,280.27,2.5,13730.97,3,Clean: Settled
CFTXN100515,27-02-2026,Cult Indiranagar,Cultpass LIVE,Credit Card,3153.61,Settled,63.07,2.5,3088.04,3,Clean: Settled
CFTXN100516,16-03-2026,Cult Koramangala,Cultpass ELITE,Debit Card,13409.97,Settled,134.1,1,13274.87,2,Clean: Settled
CFTXN100517,29-01-2026,Cult Gurugram Cyberhub,Cultpass ELITE,UPI,16980.91,Settled,0,0,16980.91,0,Clean: Settled
CFTXN100518,05-02-2026,Cult HSR Layout,Cultpass ELITE,UPI,17689.51,Settled,0,0,17689.51,0,Clean: Settled
CFTXN100519,30-03-2026,Cult Whitefield,Cultpass LIVE,UPI,3609.2,Failed,0,0,0,0,Leakage: Gateway Drop
CFTXN100520,21-01-2026,Cult Indiranagar,Cultpass LIVE,Debit Card,3529.03,Pending,35.29,1,0,2,At Risk: In-Transit Float
CFTXN100521,05-02-2026,Cult Koramangala,Cultpass LIVE,Debit Card,3559.79,Settled,35.6,1,3523.19,2,Clean: Settled
CFTXN100522,10-01-2026,Cult Indiranagar,Cultpass ELITE,Debit Card,13666.31,Settled,136.66,1,13528.65,2,Clean: Settled
CFTXN100523,14-03-2026,Cult Whitefield,Cultpass ELITE,Credit Card,12215.58,Settled,244.31,2.5,11968.77,3,Clean: Settled
CFTXN100524,24-01-2026,Cult Koramangala,Cultpass PRO,Credit Card,11244.21,Pending,224.88,2.5,0,3,At Risk: In-Transit Float
CFTXN100525,05-03-2026,Cult Whitefield,Cultpass PRO,UPI,8747.94,Settled,0,0,8747.94,0,Clean: Settled
CFTXN100526,18-02-2026,Cult Indiranagar,Cultpass ELITE,Cash,14520.02,Settled,0,0,14520.02,0,Clean: Settled
CFTXN100527,05-02-2026,Cult HSR Layout,Cultpass PRO,Credit Card,8033.9,Settled,160.68,2.5,7870.72,3,Clean: Settled
CFTXN100528,23-03-2026,Cult Indiranagar,Cultpass PLAY,Credit Card,9002.84,Settled,180.06,2.5,8820.28,3,Clean: Settled
CFTXN100529,24-01-2026,Cult Indiranagar,Cultpass LIVE,UPI,4462.31,Settled,0,0,4462.31,0,Clean: Settled
CFTXN100530,23-01-2026,Cult Indiranagar,Cultpass LIVE,Credit Card,4893.51,Failed,97.87,2.5,0,3,Leakage: Gateway Drop
CFTXN100531,03-03-2026,Cult Gurugram Cyberhub,Cultpass PLAY,UPI,8735.65,Settled,0,0,8735.65,0,Clean: Settled
CFTXN100532,06-02-2026,Cult Whitefield,Cultpass ELITE,UPI,13882.24,Settled,0,0,13882.24,0,Clean: Settled
CFTXN100533,12-01-2026,Cult Whitefield,Cultpass PRO,Net Banking,8867.56,Pending,133.01,3,0,1,At Risk: In-Transit Float
CFTXN100534,24-02-2026,Cult Whitefield,Cultpass PLAY,Debit Card,8442.01,Settled,84.42,1,8356.59,2,Clean: Settled
CFTXN100535,13-01-2026,Cult Gurugram Cyberhub,Cultpass ELITE,UPI,14184.68,Settled,0,0,14184.68,0,Clean: Settled
CFTXN100536,23-01-2026,Cult HSR Layout,Cultpass LIVE,Debit Card,4132.43,Settled,41.32,1,4090.11,2,Clean: Settled
CFTXN100537,30-03-2026,Cult Indiranagar,Cultpass PRO,UPI,8021.9,Settled,0,0,8021.9,0,Clean: Settled
CFTXN100538,30-01-2026,Cult HSR Layout,Cultpass PRO,Debit Card,8216.6,Settled,82.17,1,8133.43,2,Clean: Settled
CFTXN100539,17-01-2026,Cult Gurugram Cyberhub,Cultpass PRO,Credit Card,9873.79,Settled,197.48,2.5,9673.81,3,Clean: Settled
CFTXN100540,03-03-2026,Cult Whitefield,Cultpass PLAY,Debit Card,7981.25,Settled,79.81,1,7900.44,2,Clean: Settled
CFTXN100541,25-03-2026,Cult Indiranagar,Cultpass LIVE,Debit Card,4502.91,Settled,45.03,1,4456.88,2,Clean: Settled
CFTXN100542,30-03-2026,Cult Koramangala,Cultpass ELITE,UPI,12791.79,Settled,0,0,12791.79,0,Clean: Settled
CFTXN100543,27-03-2026,Cult Koramangala,Cultpass PLAY,UPI,7796.14,Pending,0,0,0,0,At Risk: In-Transit Float
CFTXN100544,13-01-2026,Cult HSR Layout,Cultpass ELITE,UPI,13166.69,Settled,0,0,13166.69,0,Clean: Settled
CFTXN100545,28-02-2026,Cult Whitefield,Cultpass ELITE,Credit Card,12559.18,Settled,251.18,2.5,12305.5,3,Clean: Settled
CFTXN100546,19-01-2026,Cult Koramangala,Cultpass PRO,UPI,9436.74,Pending,0,0,0,0,At Risk: In-Transit Float
CFTXN100547,18-02-2026,Cult HSR Layout,Cultpass PRO,Debit Card,8571.68,Pending,85.72,1,0,2,At Risk: In-Transit Float
CFTXN100548,12-01-2026,Cult Gurugram Cyberhub,Cultpass PRO,Net Banking,8776.24,Failed,131.64,3,0,1,Leakage: Gateway Drop
CFTXN100549,02-03-2026,Cult HSR Layout,Cultpass PLAY,Net Banking,7111.44,Pending,106.67,3,0,1,At Risk: In-Transit Float
CFTXN100550,19-01-2026,Cult HSR Layout,Cultpass LIVE,Credit Card,3518.78,Settled,70.38,2.5,3445.9,3,Clean: Settled
CFTXN100551,17-03-2026,Cult HSR Layout,Cultpass PRO,UPI,8306.57,Settled,0,0,8306.57,0,Clean: Settled
CFTXN100552,09-01-2026,Cult Indiranagar,Cultpass ELITE,Credit Card,12539.5,Failed,250.79,2.5,0,3,Leakage: Gateway Drop
CFTXN100553,12-03-2026,Cult HSR Layout,Cultpass PLAY,Debit Card,6676.37,Settled,66.76,1,6608.61,2,Clean: Settled
CFTXN100554,28-01-2026,Cult HSR Layout,Cultpass PLAY,Debit Card,6176.96,Failed,61.77,1,0,2,Leakage: Gateway Drop
CFTXN100555,19-03-2026,Cult Indiranagar,Cultpass LIVE,Credit Card,4252.91,Settled,85.06,2.5,4165.35,3,Clean: Settled
CFTXN100556,21-02-2026,Cult Indiranagar,Cultpass ELITE,UPI,13723.96,Failed,0,0,0,0,Leakage: Gateway Drop
CFTXN100557,24-03-2026,Cult Gurugram Cyberhub,Cultpass ELITE,Credit Card,13678.48,Settled,273.57,2.5,13402.41,3,Clean: Settled
CFTXN100558,16-01-2026,Cult Whitefield,Cultpass ELITE,Credit Card,13991.99,Settled,279.84,2.5,13709.65,3,Clean: Settled
CFTXN100559,10-03-2026,Cult Koramangala,Cultpass ELITE,UPI,15976.78,Settled,0,0,15976.78,0,Clean: Settled
CFTXN100560,12-01-2026,Cult Koramangala,Cultpass ELITE,UPI,17223.8,Settled,0,0,17223.8,0,Clean: Settled
CFTXN100561,25-01-2026,Cult HSR Layout,Cultpass PLAY,Net Banking,8656.8,Settled,129.85,3,8523.95,1,Clean: Settled
CFTXN100562,21-02-2026,Cult Gurugram Cyberhub,Cultpass PRO,UPI,10546.35,Settled,0,0,10546.35,0,Clean: Settled
CFTXN100563,26-03-2026,Cult HSR Layout,Cultpass ELITE,UPI,14906.35,Settled,0,0,14906.35,0,Clean: Settled
CFTXN100564,22-02-2026,Cult Koramangala,Cultpass ELITE,Debit Card,16162.83,Settled,161.63,1,16000.2,2,Clean: Settled
CFTXN100565,23-01-2026,Cult Indiranagar,Cultpass ELITE,Credit Card,15316.57,Settled,306.33,2.5,15007.74,3,Clean: Settled
CFTXN100566,16-01-2026,Cult Whitefield,Cultpass ELITE,Credit Card,13297.5,Settled,265.95,2.5,13029.05,3,Clean: Settled
CFTXN100567,26-02-2026,Cult Gurugram Cyberhub,Cultpass ELITE,Debit Card,13251.53,Settled,132.52,1,13118.01,2,Clean: Settled
CFTXN100568,08-02-2026,Cult Indiranagar,Cultpass ELITE,UPI,13778.35,Failed,0,0,0,0,Leakage: Gateway Drop
CFTXN100569,22-02-2026,Cult Whitefield,Cultpass LIVE,Debit Card,4821.61,Failed,48.22,1,0,2,Leakage: Gateway Drop
CFTXN100570,11-02-2026,Cult Gurugram Cyberhub,Cultpass PLAY,UPI,7915.95,Failed,0,0,0,0,Leakage: Gateway Drop
CFTXN100571,27-02-2026,Cult Gurugram Cyberhub,Cultpass ELITE,Debit Card,16403.43,Settled,164.03,1,16238.4,2,Clean: Settled
CFTXN100572,08-02-2026,Cult Koramangala,Cultpass PRO,Credit Card,9212.96,Pending,184.26,2.5,0,3,At Risk: In-Transit Float
CFTXN100573,14-01-2026,Cult Indiranagar,Cultpass LIVE,Credit Card,3815.43,Settled,76.31,2.5,3736.62,3,Clean: Settled
CFTXN100574,05-01-2026,Cult Gurugram Cyberhub,Cultpass ELITE,UPI,12753.39,Pending,0,0,0,0,At Risk: In-Transit Float
CFTXN100575,04-02-2026,Cult Gurugram Cyberhub,Cultpass ELITE,UPI,13027.77,Failed,0,0,0,0,Leakage: Gateway Drop
CFTXN100576,28-03-2026,Cult Whitefield,Cultpass PLAY,Net Banking,8895.75,Settled,133.44,3,8759.31,1,Clean: Settled
CFTXN100577,16-03-2026,Cult Koramangala,Cultpass ELITE,Credit Card,15509.03,Settled,310.18,2.5,15196.35,3,Clean: Settled
CFTXN100578,18-01-2026,Cult HSR Layout,Cultpass PRO,Cash,9181.36,Failed,0,0,0,0,Leakage: Gateway Drop
CFTXN100579,17-03-2026,Cult Koramangala,Cultpass PRO,Credit Card,10809.98,Settled,216.2,2.5,10591.28,3,Clean: Settled
CFTXN100580,09-01-2026,Cult HSR Layout,Cultpass ELITE,Credit Card,13479.12,Settled,269.58,2.5,13207.04,3,Clean: Settled
CFTXN100581,15-03-2026,Cult Indiranagar,Cultpass ELITE,Cash,17856.2,Settled,0,0,17856.2,0,Clean: Settled
CFTXN100582,27-02-2026,Cult Indiranagar,Cultpass LIVE,Credit Card,3689.64,Settled,73.79,2.5,3613.35,3,Clean: Settled
CFTXN100583,17-01-2026,Cult Gurugram Cyberhub,Cultpass ELITE,UPI,14023.87,Settled,0,0,14023.87,0,Clean: Settled
CFTXN100584,07-01-2026,Cult Indiranagar,Cultpass ELITE,Credit Card,13871.47,Pending,277.43,2.5,0,3,At Risk: In-Transit Float
CFTXN100585,15-02-2026,Cult Gurugram Cyberhub,Cultpass LIVE,UPI,3244.22,Pending,0,0,0,0,At Risk: In-Transit Float
CFTXN100586,13-01-2026,Cult Koramangala,Cultpass PRO,Net Banking,8388.98,Pending,125.83,3,0,1,At Risk: In-Transit Float
CFTXN100587,09-02-2026,Cult Indiranagar,Cultpass ELITE,Credit Card,15888.63,Settled,317.77,2.5,15568.36,3,Clean: Settled
CFTXN100588,11-02-2026,Cult Koramangala,Cultpass PLAY,UPI,9062.91,Settled,0,0,9062.91,0,Clean: Settled
CFTXN100589,09-01-2026,Cult Koramangala,Cultpass ELITE,Credit Card,16743.12,Failed,334.86,2.5,0,3,Leakage: Gateway Drop
CFTXN100590,19-02-2026,Cult Indiranagar,Cultpass LIVE,UPI,3282.22,Failed,0,0,0,0,Leakage: Gateway Drop
CFTXN100591,27-01-2026,Cult Koramangala,Cultpass LIVE,Credit Card,4091.16,Failed,81.82,2.5,0,3,Leakage: Gateway Drop
CFTXN100592,07-03-2026,Cult Indiranagar,Cultpass PRO,Credit Card,8369.57,Pending,167.39,2.5,0,3,At Risk: In-Transit Float
CFTXN100593,05-01-2026,Cult Indiranagar,Cultpass PRO,Credit Card,8158.53,Pending,163.17,2.5,0,3,At Risk: In-Transit Float
CFTXN100594,29-01-2026,Cult Indiranagar,Cultpass PLAY,Credit Card,8297.35,Settled,165.95,2.5,8128.9,3,Clean: Settled
CFTXN100595,06-02-2026,Cult HSR Layout,Cultpass ELITE,Net Banking,15210.91,Settled,228.16,3,14979.75,1,Clean: Settled
CFTXN100596,07-02-2026,Cult Koramangala,Cultpass LIVE,Debit Card,3164.05,Pending,31.64,1,0,2,At Risk: In-Transit Float
CFTXN100597,24-03-2026,Cult Whitefield,Cultpass ELITE,Credit Card,12209.64,Failed,244.19,2.5,0,3,Leakage: Gateway Drop
CFTXN100598,08-01-2026,Cult Indiranagar,Cultpass ELITE,Debit Card,17938.54,Settled,179.39,1,17758.15,2,Clean: Settled
CFTXN100599,06-03-2026,Cult Koramangala,Cultpass ELITE,Credit Card,12180.13,Pending,243.6,2.5,0,3,At Risk: In-Transit Float
CFTXN100600,27-03-2026,Cult Gurugram Cyberhub,Cultpass PLAY,UPI,7555.85,Settled,0,0,7555.85,0,Clean: Settled
CFTXN100601,17-01-2026,Cult Indiranagar,Cultpass PLAY,Cash,7766.17,Settled,0,0,7766.17,0,Clean: Settled
CFTXN100602,12-03-2026,Cult Indiranagar,Cultpass ELITE,Debit Card,12703.68,Pending,127.04,1,0,2,At Risk: In-Transit Float
CFTXN100603,30-03-2026,Cult Whitefield,Cultpass ELITE,Net Banking,13014.37,Settled,195.22,3,12816.15,1,Clean: Settled
CFTXN100604,14-02-2026,Cult HSR Layout,Cultpass LIVE,UPI,3703.61,Settled,0,0,3703.61,0,Clean: Settled
CFTXN100605,04-01-2026,Cult HSR Layout,Cultpass PRO,Credit Card,10665.87,Settled,213.32,2.5,10450.05,3,Clean: Settled
CFTXN100606,05-02-2026,Cult Indiranagar,Cultpass ELITE,UPI,15042.49,Settled,0,0,15042.49,0,Clean: Settled
CFTXN100607,11-03-2026,Cult Koramangala,Cultpass PRO,Debit Card,10232.66,Pending,102.33,1,0,2,At Risk: In-Transit Float
CFTXN100608,31-01-2026,Cult Gurugram Cyberhub,Cultpass PRO,UPI,11448.11,Settled,0,0,11448.11,0,Clean: Settled
CFTXN100609,19-01-2026,Cult Gurugram Cyberhub,Cultpass PLAY,Net Banking,8688.02,Settled,130.32,3,8554.7,1,Clean: Settled
CFTXN100610,02-03-2026,Cult Koramangala,Cultpass ELITE,Debit Card,14606.17,Settled,146.06,1,14459.11,2,Clean: Settled
CFTXN100611,23-02-2026,Cult Indiranagar,Cultpass PRO,Net Banking,9562.55,Settled,143.44,3,9416.11,1,Clean: Settled
CFTXN100612,08-02-2026,Cult Gurugram Cyberhub,Cultpass PRO,UPI,10165.7,Settled,0,0,10165.7,0,Clean: Settled
CFTXN100613,15-03-2026,Cult HSR Layout,Cultpass LIVE,Debit Card,4330.73,Settled,43.31,1,4286.42,2,Clean: Settled
CFTXN100614,31-03-2026,Cult Koramangala,Cultpass PRO,UPI,9752.49,Failed,0,0,0,0,Leakage: Gateway Drop
CFTXN100615,19-01-2026,Cult Whitefield,Cultpass PRO,Credit Card,10257.01,Settled,205.14,2.5,10049.37,3,Clean: Settled
CFTXN100616,08-02-2026,Cult Indiranagar,Cultpass ELITE,Cash,12141.19,Pending,0,0,0,0,At Risk: In-Transit Float
CFTXN100617,08-03-2026,Cult Koramangala,Cultpass LIVE,UPI,3859.25,Failed,0,0,0,0,Leakage: Gateway Drop
CFTXN100618,14-02-2026,Cult Gurugram Cyberhub,Cultpass PRO,Credit Card,8976.28,Pending,179.53,2.5,0,3,At Risk: In-Transit Float
CFTXN100619,13-01-2026,Cult Indiranagar,Cultpass ELITE,Credit Card,12775.05,Settled,255.5,2.5,12517.05,3,Clean: Settled
CFTXN100620,27-02-2026,Cult HSR Layout,Cultpass PRO,UPI,8348.41,Settled,0,0,8348.41,0,Clean: Settled
CFTXN100621,20-01-2026,Cult Indiranagar,Cultpass ELITE,Credit Card,15619.15,Failed,312.38,2.5,0,3,Leakage: Gateway Drop
CFTXN100622,13-03-2026,Cult Indiranagar,Cultpass ELITE,Credit Card,15141.6,Failed,302.83,2.5,0,3,Leakage: Gateway Drop
CFTXN100623,02-03-2026,Cult HSR Layout,Cultpass PLAY,Debit Card,6887.54,Failed,68.88,1,0,2,Leakage: Gateway Drop
CFTXN100624,08-02-2026,Cult HSR Layout,Cultpass PRO,Credit Card,9648.33,Failed,192.97,2.5,0,3,Leakage: Gateway Drop
CFTXN100625,01-01-2026,Cult Indiranagar,Cultpass LIVE,Debit Card,3984.46,Settled,39.84,1,3943.62,2,Clean: Settled
CFTXN100626,03-01-2026,Cult HSR Layout,Cultpass ELITE,Credit Card,13170.05,Failed,263.4,2.5,0,3,Leakage: Gateway Drop
CFTXN100627,18-03-2026,Cult Koramangala,Cultpass LIVE,Credit Card,4304.19,Failed,86.08,2.5,0,3,Leakage: Gateway Drop
CFTXN100628,03-03-2026,Cult HSR Layout,Cultpass ELITE,UPI,16685.52,Settled,0,0,16685.52,0,Clean: Settled
CFTXN100629,04-03-2026,Cult HSR Layout,Cultpass ELITE,Debit Card,16748.78,Pending,167.49,1,0,2,At Risk: In-Transit Float
CFTXN100630,25-01-2026,Cult Indiranagar,Cultpass PLAY,Credit Card,8108.64,Settled,162.17,2.5,7943.97,3,Clean: Settled
CFTXN100631,25-02-2026,Cult Koramangala,Cultpass LIVE,Credit Card,4023.28,Settled,80.47,2.5,3940.31,3,Clean: Settled
CFTXN100632,02-02-2026,Cult Whitefield,Cultpass PRO,UPI,8213.53,Settled,0,0,8213.53,0,Clean: Settled
CFTXN100633,07-02-2026,Cult Whitefield,Cultpass ELITE,Credit Card,13726.99,Settled,274.54,2.5,13449.95,3,Clean: Settled
CFTXN100634,06-01-2026,Cult Gurugram Cyberhub,Cultpass PLAY,Credit Card,6326.45,Pending,126.53,2.5,0,3,At Risk: In-Transit Float
CFTXN100635,27-02-2026,Cult HSR Layout,Cultpass PRO,Credit Card,11373.38,Failed,227.47,2.5,0,3,Leakage: Gateway Drop
CFTXN100636,13-02-2026,Cult HSR Layout,Cultpass LIVE,UPI,3270.16,Settled,0,0,3270.16,0,Clean: Settled
CFTXN100637,14-02-2026,Cult Koramangala,Cultpass LIVE,UPI,3303.55,Settled,0,0,3303.55,0,Clean: Settled
CFTXN100638,01-02-2026,Cult Whitefield,Cultpass ELITE,UPI,17337.46,Settled,0,0,17337.46,0,Clean: Settled
CFTXN100639,14-02-2026,Cult Gurugram Cyberhub,Cultpass ELITE,UPI,17663.57,Failed,0,0,0,0,Leakage: Gateway Drop
CFTXN100640,02-03-2026,Cult Koramangala,Cultpass PRO,UPI,10680.4,Failed,0,0,0,0,Leakage: Gateway Drop
CFTXN100641,16-02-2026,Cult HSR Layout,Cultpass ELITE,Debit Card,12032.43,Settled,120.32,1,11911.11,2,Clean: Settled
CFTXN100642,21-01-2026,Cult Whitefield,Cultpass ELITE,UPI,12008.08,Settled,0,0,12008.08,0,Clean: Settled
CFTXN100643,21-03-2026,Cult Gurugram Cyberhub,Cultpass PLAY,Credit Card,7323.35,Pending,146.47,2.5,0,3,At Risk: In-Transit Float
CFTXN100644,26-03-2026,Cult Indiranagar,Cultpass PRO,UPI,8501.88,Settled,0,0,8501.88,0,Clean: Settled
CFTXN100645,16-03-2026,Cult Whitefield,Cultpass LIVE,UPI,3036.77,Settled,0,0,3036.77,0,Clean: Settled
CFTXN100646,05-02-2026,Cult Gurugram Cyberhub,Cultpass PRO,Debit Card,9624.23,Settled,96.24,1,9526.99,2,Clean: Settled
CFTXN100647,19-01-2026,Cult Koramangala,Cultpass PRO,Debit Card,11300.72,Pending,113.01,1,0,2,At Risk: In-Transit Float
CFTXN100648,20-01-2026,Cult Indiranagar,Cultpass ELITE,Credit Card,13942.92,Settled,278.86,2.5,13661.56,3,Clean: Settled
CFTXN100649,26-02-2026,Cult Gurugram Cyberhub,Cultpass ELITE,UPI,15966.84,Settled,0,0,15966.84,0,Clean: Settled
CFTXN100650,18-01-2026,Cult Gurugram Cyberhub,Cultpass ELITE,UPI,15913.41,Settled,0,0,15913.41,0,Clean: Settled
CFTXN100651,16-02-2026,Cult HSR Layout,Cultpass ELITE,Net Banking,13506.48,Settled,202.6,3,13300.88,1,Clean: Settled
CFTXN100652,18-02-2026,Cult Whitefield,Cultpass LIVE,Credit Card,4300.85,Settled,86.02,2.5,4212.33,3,Clean: Settled
CFTXN100653,14-01-2026,Cult HSR Layout,Cultpass ELITE,UPI,13274,Settled,0,0,13274,0,Clean: Settled
CFTXN100654,15-01-2026,Cult Indiranagar,Cultpass PRO,UPI,8427.03,Pending,0,0,0,0,At Risk: In-Transit Float
CFTXN100655,31-01-2026,Cult Gurugram Cyberhub,Cultpass ELITE,Net Banking,16208.3,Settled,243.12,3,15962.18,1,Clean: Settled
CFTXN100656,01-01-2026,Cult HSR Layout,Cultpass ELITE,Debit Card,12680.64,Settled,126.81,1,12552.83,2,Clean: Settled
CFTXN100657,23-02-2026,Cult Whitefield,Cultpass PRO,Debit Card,11489.18,Settled,114.89,1,11373.29,2,Clean: Settled
CFTXN100658,03-01-2026,Cult Indiranagar,Cultpass ELITE,UPI,13100.71,Settled,0,0,13100.71,0,Clean: Settled
CFTXN100659,16-01-2026,Cult Koramangala,Cultpass ELITE,UPI,15564.85,Settled,0,0,15564.85,0,Clean: Settled
CFTXN100660,28-03-2026,Cult HSR Layout,Cultpass ELITE,Cash,14468.25,Settled,0,0,14468.25,0,Clean: Settled
CFTXN100661,26-02-2026,Cult Indiranagar,Cultpass ELITE,Credit Card,12758.32,Settled,255.17,2.5,12500.65,3,Clean: Settled
CFTXN100662,16-03-2026,Cult Koramangala,Cultpass LIVE,Credit Card,3055.69,Settled,61.11,2.5,2992.08,3,Clean: Settled
CFTXN100663,12-01-2026,Cult HSR Layout,Cultpass ELITE,Net Banking,15736.39,Failed,236.05,3,0,1,Leakage: Gateway Drop
CFTXN100664,15-03-2026,Cult Indiranagar,Cultpass ELITE,Debit Card,16840.55,Settled,168.41,1,16671.14,2,Clean: Settled
CFTXN100665,16-01-2026,Cult Indiranagar,Cultpass PRO,UPI,10947.05,Pending,0,0,0,0,At Risk: In-Transit Float
CFTXN100666,13-03-2026,Cult HSR Layout,Cultpass ELITE,Debit Card,14896.28,Settled,148.96,1,14746.32,2,Clean: Settled
CFTXN100667,17-03-2026,Cult Indiranagar,Cultpass PLAY,Credit Card,8721.09,Pending,174.42,2.5,0,3,At Risk: In-Transit Float
CFTXN100668,24-01-2026,Cult Gurugram Cyberhub,Cultpass PRO,UPI,10354.96,Pending,0,0,0,0,At Risk: In-Transit Float
CFTXN100669,28-01-2026,Cult HSR Layout,Cultpass PRO,UPI,10534.89,Pending,0,0,0,0,At Risk: In-Transit Float
CFTXN100670,08-01-2026,Cult Indiranagar,Cultpass PRO,Credit Card,9724.1,Failed,194.48,2.5,0,3,Leakage: Gateway Drop
CFTXN100671,05-02-2026,Cult Koramangala,Cultpass ELITE,Credit Card,15800.47,Pending,316.01,2.5,0,3,At Risk: In-Transit Float
CFTXN100672,31-03-2026,Cult Koramangala,Cultpass PRO,UPI,10819.34,Failed,0,0,0,0,Leakage: Gateway Drop
CFTXN100673,08-01-2026,Cult Gurugram Cyberhub,Cultpass ELITE,Credit Card,14387.31,Settled,287.75,2.5,14097.06,3,Clean: Settled
CFTXN100674,27-02-2026,Cult HSR Layout,Cultpass PLAY,Net Banking,8820.93,Settled,132.31,3,8685.62,1,Clean: Settled
CFTXN100675,01-03-2026,Cult Indiranagar,Cultpass ELITE,Credit Card,15552.1,Failed,311.04,2.5,0,3,Leakage: Gateway Drop
CFTXN100676,19-02-2026,Cult Indiranagar,Cultpass PRO,UPI,8580.65,Settled,0,0,8580.65,0,Clean: Settled
CFTXN100677,28-01-2026,Cult Koramangala,Cultpass PRO,Net Banking,8086.39,Pending,121.3,3,0,1,At Risk: In-Transit Float
CFTXN100678,10-02-2026,Cult Gurugram Cyberhub,Cultpass ELITE,UPI,14176.52,Settled,0,0,14176.52,0,Clean: Settled
CFTXN100679,05-03-2026,Cult Koramangala,Cultpass ELITE,Debit Card,15280.18,Settled,152.8,1,15126.38,2,Clean: Settled
CFTXN100680,27-01-2026,Cult Koramangala,Cultpass LIVE,UPI,4679.64,Settled,0,0,4679.64,0,Clean: Settled
CFTXN100681,04-03-2026,Cult Gurugram Cyberhub,Cultpass LIVE,Credit Card,3254.97,Settled,65.1,2.5,3187.37,3,Clean: Settled
CFTXN100682,17-01-2026,Cult HSR Layout,Cultpass ELITE,Credit Card,16801.24,Pending,336.02,2.5,0,3,At Risk: In-Transit Float
CFTXN100683,14-03-2026,Cult Indiranagar,Cultpass LIVE,Cash,4726.02,Settled,0,0,4726.02,0,Clean: Settled
CFTXN100684,02-02-2026,Cult HSR Layout,Cultpass PLAY,UPI,6527.41,Settled,0,0,6527.41,0,Clean: Settled
CFTXN100685,25-03-2026,Cult Whitefield,Cultpass PLAY,UPI,8980.58,Settled,0,0,8980.58,0,Clean: Settled
CFTXN100686,18-03-2026,Cult Whitefield,Cultpass ELITE,Debit Card,17948.72,Settled,179.49,1,17768.23,2,Clean: Settled
CFTXN100687,29-01-2026,Cult Whitefield,Cultpass LIVE,Credit Card,4453.68,Settled,89.07,2.5,4362.11,3,Clean: Settled
CFTXN100688,13-01-2026,Cult Gurugram Cyberhub,Cultpass ELITE,Credit Card,16708.62,Pending,334.17,2.5,0,3,At Risk: In-Transit Float
CFTXN100689,15-02-2026,Cult Koramangala,Cultpass PLAY,UPI,9480.45,Settled,0,0,9480.45,0,Clean: Settled
CFTXN100690,04-02-2026,Cult HSR Layout,Cultpass PRO,UPI,10119.18,Failed,0,0,0,0,Leakage: Gateway Drop
CFTXN100691,06-01-2026,Cult Indiranagar,Cultpass ELITE,Debit Card,13847.32,Settled,138.47,1,13707.85,2,Clean: Settled
CFTXN100692,23-03-2026,Cult Whitefield,Cultpass LIVE,UPI,4675.06,Failed,0,0,0,0,Leakage: Gateway Drop
CFTXN100693,10-03-2026,Cult HSR Layout,Cultpass ELITE,Credit Card,15686.91,Settled,313.74,2.5,15370.67,3,Clean: Settled
CFTXN100694,16-02-2026,Cult Whitefield,Cultpass PLAY,Debit Card,8034.18,Pending,80.34,1,0,2,At Risk: In-Transit Float
CFTXN100695,25-01-2026,Cult Whitefield,Cultpass PLAY,Credit Card,6887.72,Settled,137.75,2.5,6747.47,3,Clean: Settled
CFTXN100696,07-03-2026,Cult Indiranagar,Cultpass PRO,Debit Card,10647.17,Settled,106.47,1,10539.7,2,Clean: Settled
CFTXN100697,10-01-2026,Cult Gurugram Cyberhub,Cultpass ELITE,Credit Card,12490,Pending,249.8,2.5,0,3,At Risk: In-Transit Float
CFTXN100698,25-02-2026,Cult Koramangala,Cultpass PRO,Cash,11235,Pending,0,0,0,0,At Risk: In-Transit Float
CFTXN100699,30-01-2026,Cult Gurugram Cyberhub,Cultpass ELITE,Credit Card,13954.94,Failed,279.1,2.5,0,3,Leakage: Gateway Drop
CFTXN100700,05-01-2026,Cult HSR Layout,Cultpass ELITE,Net Banking,12766.65,Settled,191.5,3,12572.15,1,Clean: Settled
CFTXN100701,02-02-2026,Cult Gurugram Cyberhub,Cultpass LIVE,Debit Card,3884.73,Settled,38.85,1,3844.88,2,Clean: Settled
CFTXN100702,06-03-2026,Cult HSR Layout,Cultpass ELITE,Cash,12254.82,Failed,0,0,0,0,Leakage: Gateway Drop
CFTXN100703,18-01-2026,Cult HSR Layout,Cultpass ELITE,UPI,16107.76,Pending,0,0,0,0,At Risk: In-Transit Float
CFTXN100704,18-02-2026,Cult Koramangala,Cultpass PLAY,Net Banking,9159.47,Settled,137.39,3,9019.08,1,Clean: Settled
CFTXN100705,11-01-2026,Cult Indiranagar,Cultpass ELITE,Credit Card,17023.58,Failed,340.47,2.5,0,3,Leakage: Gateway Drop
CFTXN100706,26-03-2026,Cult Koramangala,Cultpass ELITE,UPI,12764.22,Settled,0,0,12764.22,0,Clean: Settled
CFTXN100707,26-01-2026,Cult Gurugram Cyberhub,Cultpass PLAY,Net Banking,6441.95,Settled,96.63,3,6342.32,1,Clean: Settled
CFTXN100708,04-03-2026,Cult HSR Layout,Cultpass ELITE,Credit Card,16880.61,Failed,337.61,2.5,0,3,Leakage: Gateway Drop
CFTXN100709,30-03-2026,Cult Whitefield,Cultpass LIVE,Credit Card,4848.51,Pending,96.97,2.5,0,3,At Risk: In-Transit Float
CFTXN100710,27-03-2026,Cult Whitefield,Cultpass PLAY,Debit Card,7612.34,Pending,76.12,1,0,2,At Risk: In-Transit Float
CFTXN100711,28-02-2026,Cult HSR Layout,Cultpass PLAY,Net Banking,7746.4,Settled,116.2,3,7627.2,1,Clean: Settled
CFTXN100712,27-01-2026,Cult Koramangala,Cultpass PRO,Debit Card,9113.92,Settled,91.14,1,9021.78,2,Clean: Settled
CFTXN100713,18-02-2026,Cult Indiranagar,Cultpass ELITE,Debit Card,17365.59,Failed,173.66,1,0,2,Leakage: Gateway Drop
CFTXN100714,18-03-2026,Cult Koramangala,Cultpass ELITE,Credit Card,15869.42,Failed,317.39,2.5,0,3,Leakage: Gateway Drop
CFTXN100715,02-02-2026,Cult HSR Layout,Cultpass LIVE,Credit Card,3576.5,Settled,71.53,2.5,3502.47,3,Clean: Settled
CFTXN100716,01-01-2026,Cult HSR Layout,Cultpass PLAY,UPI,7045.74,Settled,0,0,7045.74,0,Clean: Settled
CFTXN100717,21-01-2026,Cult Indiranagar,Cultpass PRO,Credit Card,11119.2,Pending,222.38,2.5,0,3,At Risk: In-Transit Float
CFTXN100718,24-02-2026,Cult Gurugram Cyberhub,Cultpass ELITE,UPI,12081.8,Failed,0,0,0,0,Leakage: Gateway Drop
CFTXN100719,06-01-2026,Cult Gurugram Cyberhub,Cultpass ELITE,Net Banking,13936.36,Failed,209.05,3,0,1,Leakage: Gateway Drop
CFTXN100720,22-03-2026,Cult Indiranagar,Cultpass ELITE,Credit Card,15326.14,Failed,306.52,2.5,0,3,Leakage: Gateway Drop
CFTXN100721,10-03-2026,Cult Gurugram Cyberhub,Cultpass LIVE,UPI,3296.43,Settled,0,0,3296.43,0,Clean: Settled
CFTXN100722,05-01-2026,Cult Whitefield,Cultpass PRO,Credit Card,8322.35,Settled,166.45,2.5,8153.4,3,Clean: Settled
CFTXN100723,03-01-2026,Cult Gurugram Cyberhub,Cultpass PLAY,UPI,8853.47,Failed,0,0,0,0,Leakage: Gateway Drop
CFTXN100724,22-02-2026,Cult Gurugram Cyberhub,Cultpass LIVE,Credit Card,4788.81,Settled,95.78,2.5,4690.53,3,Clean: Settled
CFTXN100725,23-01-2026,Cult Gurugram Cyberhub,Cultpass ELITE,UPI,16941.64,Pending,0,0,0,0,At Risk: In-Transit Float
CFTXN100726,22-02-2026,Cult Whitefield,Cultpass PRO,Credit Card,11145.76,Settled,222.92,2.5,10920.34,3,Clean: Settled
CFTXN100727,06-02-2026,Cult Gurugram Cyberhub,Cultpass PRO,Debit Card,9935.89,Settled,99.36,1,9835.53,2,Clean: Settled
CFTXN100728,15-03-2026,Cult Whitefield,Cultpass PRO,UPI,10842.9,Pending,0,0,0,0,At Risk: In-Transit Float
CFTXN100729,15-03-2026,Cult Indiranagar,Cultpass LIVE,Credit Card,3768.09,Settled,75.36,2.5,3690.23,3,Clean: Settled
CFTXN100730,24-03-2026,Cult Koramangala,Cultpass LIVE,UPI,4332.54,Settled,0,0,4332.54,0,Clean: Settled
CFTXN100731,17-01-2026,Cult Indiranagar,Cultpass LIVE,Credit Card,4977.67,Settled,99.55,2.5,4875.62,3,Clean: Settled
CFTXN100732,26-03-2026,Cult Koramangala,Cultpass ELITE,UPI,13354.37,Pending,0,0,0,0,At Risk: In-Transit Float
CFTXN100733,19-03-2026,Cult Indiranagar,Cultpass ELITE,Credit Card,14339.4,Settled,286.79,2.5,14050.11,3,Clean: Settled
CFTXN100734,14-03-2026,Cult Koramangala,Cultpass LIVE,UPI,3960.09,Settled,0,0,3960.09,0,Clean: Settled
CFTXN100735,01-01-2026,Cult Koramangala,Cultpass ELITE,Credit Card,12828.09,Settled,256.56,2.5,12569.03,3,Clean: Settled
CFTXN100736,20-02-2026,Cult HSR Layout,Cultpass ELITE,Debit Card,12486.23,Pending,124.86,1,0,2,At Risk: In-Transit Float
CFTXN100737,14-02-2026,Cult Koramangala,Cultpass ELITE,Credit Card,16978.34,Settled,339.57,2.5,16636.27,3,Clean: Settled
CFTXN100738,18-03-2026,Cult Koramangala,Cultpass PRO,UPI,11418.78,Settled,0,0,11418.78,0,Clean: Settled
CFTXN100739,04-01-2026,Cult HSR Layout,Cultpass ELITE,Credit Card,14428.35,Failed,288.57,2.5,0,3,Leakage: Gateway Drop
CFTXN100740,03-03-2026,Cult Gurugram Cyberhub,Cultpass PRO,Net Banking,8306.77,Failed,124.6,3,0,1,Leakage: Gateway Drop
CFTXN100741,06-03-2026,Cult Gurugram Cyberhub,Cultpass PLAY,Net Banking,6230.34,Settled,93.46,3,6133.88,1,Clean: Settled
CFTXN100742,01-02-2026,Cult HSR Layout,Cultpass ELITE,Credit Card,17347.91,Settled,346.96,2.5,16998.45,3,Clean: Settled
CFTXN100743,03-02-2026,Cult Whitefield,Cultpass ELITE,UPI,14782.89,Pending,0,0,0,0,At Risk: In-Transit Float
CFTXN100744,13-03-2026,Cult Koramangala,Cultpass ELITE,Credit Card,13920.16,Settled,278.4,2.5,13639.26,3,Clean: Settled
CFTXN100745,08-02-2026,Cult Koramangala,Cultpass PLAY,Debit Card,7667.61,Settled,76.68,1,7589.93,2,Clean: Settled
CFTXN100746,26-01-2026,Cult HSR Layout,Cultpass ELITE,UPI,13909.82,Failed,0,0,0,0,Leakage: Gateway Drop
CFTXN100747,03-02-2026,Cult HSR Layout,Cultpass ELITE,UPI,14934.21,Pending,0,0,0,0,At Risk: In-Transit Float
CFTXN100748,23-02-2026,Cult Whitefield,Cultpass ELITE,UPI,17157.34,Settled,0,0,17157.34,0,Clean: Settled
CFTXN100749,03-01-2026,Cult Gurugram Cyberhub,Cultpass LIVE,Credit Card,4184.6,Settled,83.69,2.5,4098.41,3,Clean: Settled
CFTXN100750,19-02-2026,Cult Indiranagar,Cultpass PRO,Debit Card,10431.29,Pending,104.31,1,0,2,At Risk: In-Transit Float
CFTXN100751,12-01-2026,Cult Gurugram Cyberhub,Cultpass LIVE,Credit Card,3729.34,Settled,74.59,2.5,3652.25,3,Clean: Settled
CFTXN100752,06-03-2026,Cult Koramangala,Cultpass PLAY,UPI,8584.77,Settled,0,0,8584.77,0,Clean: Settled
CFTXN100753,23-02-2026,Cult HSR Layout,Cultpass ELITE,Debit Card,15999.7,Settled,160,1,15838.7,2,Clean: Settled
CFTXN100754,05-01-2026,Cult Whitefield,Cultpass LIVE,UPI,3239.12,Settled,0,0,3239.12,0,Clean: Settled
CFTXN100755,26-02-2026,Cult Gurugram Cyberhub,Cultpass ELITE,Credit Card,15435.86,Pending,308.72,2.5,0,3,At Risk: In-Transit Float
CFTXN100756,17-01-2026,Cult Whitefield,Cultpass PLAY,Credit Card,6898.6,Settled,137.97,2.5,6758.13,3,Clean: Settled
CFTXN100757,16-02-2026,Cult Gurugram Cyberhub,Cultpass PRO,Credit Card,10814.33,Settled,216.29,2.5,10595.54,3,Clean: Settled
CFTXN100758,23-01-2026,Cult Koramangala,Cultpass PLAY,Credit Card,7490.78,Settled,149.82,2.5,7338.46,3,Clean: Settled
CFTXN100759,20-03-2026,Cult Indiranagar,Cultpass ELITE,Credit Card,17968.1,Settled,359.36,2.5,17606.24,3,Clean: Settled
CFTXN100760,26-03-2026,Cult Whitefield,Cultpass ELITE,UPI,12555,Failed,0,0,0,0,Leakage: Gateway Drop
CFTXN100761,14-01-2026,Cult Whitefield,Cultpass ELITE,Net Banking,16682.09,Settled,250.23,3,16428.86,1,Clean: Settled
CFTXN100762,07-03-2026,Cult Indiranagar,Cultpass ELITE,Debit Card,16042.21,Pending,160.42,1,0,2,At Risk: In-Transit Float
CFTXN100763,16-03-2026,Cult Whitefield,Cultpass ELITE,Debit Card,16604.99,Pending,166.05,1,0,2,At Risk: In-Transit Float
CFTXN100764,20-02-2026,Cult Whitefield,Cultpass ELITE,Credit Card,13845.18,Settled,276.9,2.5,13565.78,3,Clean: Settled
CFTXN100765,07-02-2026,Cult Gurugram Cyberhub,Cultpass ELITE,Net Banking,14952.33,Settled,224.28,3,14725.05,1,Clean: Settled
CFTXN100766,05-03-2026,Cult Gurugram Cyberhub,Cultpass PRO,Credit Card,10787.78,Settled,215.76,2.5,10569.52,3,Clean: Settled
CFTXN100767,07-02-2026,Cult Indiranagar,Cultpass LIVE,Net Banking,3465.08,Settled,51.98,3,3410.1,1,Clean: Settled
CFTXN100768,19-02-2026,Cult Koramangala,Cultpass PRO,Debit Card,8791.12,Settled,87.91,1,8702.21,2,Clean: Settled
CFTXN100769,23-03-2026,Cult Whitefield,Cultpass ELITE,Credit Card,15306.31,Settled,306.13,2.5,14997.68,3,Clean: Settled
CFTXN100770,30-01-2026,Cult Koramangala,Cultpass PRO,Net Banking,9832.47,Failed,147.49,3,0,1,Leakage: Gateway Drop
CFTXN100771,20-03-2026,Cult Indiranagar,Cultpass ELITE,Credit Card,13693.57,Settled,273.87,2.5,13417.2,3,Clean: Settled
CFTXN100772,20-02-2026,Cult Indiranagar,Cultpass PLAY,UPI,7043.26,Settled,0,0,7043.26,0,Clean: Settled
CFTXN100773,04-03-2026,Cult Gurugram Cyberhub,Cultpass ELITE,Debit Card,13667.07,Pending,136.67,1,0,2,At Risk: In-Transit Float
CFTXN100774,21-02-2026,Cult Whitefield,Cultpass LIVE,Credit Card,4543.02,Settled,90.86,2.5,4449.66,3,Clean: Settled
CFTXN100775,07-02-2026,Cult HSR Layout,Cultpass PLAY,Debit Card,8281.65,Settled,82.82,1,8197.83,2,Clean: Settled
CFTXN100776,29-03-2026,Cult Indiranagar,Cultpass LIVE,UPI,4664.83,Settled,0,0,4664.83,0,Clean: Settled
CFTXN100777,20-03-2026,Cult Whitefield,Cultpass PRO,UPI,11414.16,Settled,0,0,11414.16,0,Clean: Settled
CFTXN100778,30-01-2026,Cult Koramangala,Cultpass LIVE,Credit Card,3948.33,Failed,78.97,2.5,0,3,Leakage: Gateway Drop
CFTXN100779,20-02-2026,Cult Gurugram Cyberhub,Cultpass PLAY,Net Banking,6233.43,Settled,93.5,3,6136.93,1,Clean: Settled
CFTXN100780,22-03-2026,Cult Koramangala,Cultpass PRO,Credit Card,8168.32,Settled,163.37,2.5,8002.45,3,Clean: Settled
CFTXN100781,05-01-2026,Cult Indiranagar,Cultpass PRO,Credit Card,9034.83,Pending,180.7,2.5,0,3,At Risk: In-Transit Float
CFTXN100782,29-01-2026,Cult Indiranagar,Cultpass PRO,Credit Card,11263.91,Failed,225.28,2.5,0,3,Leakage: Gateway Drop
CFTXN100783,04-01-2026,Cult Koramangala,Cultpass PRO,Credit Card,9831.25,Settled,196.63,2.5,9632.12,3,Clean: Settled
CFTXN100784,10-01-2026,Cult Indiranagar,Cultpass PRO,Credit Card,8951.25,Settled,179.03,2.5,8769.72,3,Clean: Settled
CFTXN100785,25-02-2026,Cult Whitefield,Cultpass PRO,Cash,9397.08,Settled,0,0,9397.08,0,Clean: Settled
CFTXN100786,17-01-2026,Cult Indiranagar,Cultpass ELITE,Credit Card,15591.57,Settled,311.83,2.5,15277.24,3,Clean: Settled
CFTXN100787,15-03-2026,Cult Gurugram Cyberhub,Cultpass ELITE,Credit Card,15917.7,Settled,318.35,2.5,15596.85,3,Clean: Settled
CFTXN100788,17-01-2026,Cult Whitefield,Cultpass ELITE,Credit Card,12923.52,Settled,258.47,2.5,12662.55,3,Clean: Settled
CFTXN100789,25-03-2026,Cult HSR Layout,Cultpass ELITE,UPI,17862.19,Settled,0,0,17862.19,0,Clean: Settled
CFTXN100790,29-03-2026,Cult Indiranagar,Cultpass ELITE,Net Banking,15268.63,Settled,229.03,3,15036.6,1,Clean: Settled
CFTXN100791,10-03-2026,Cult Indiranagar,Cultpass PRO,Credit Card,8474.91,Settled,169.5,2.5,8302.91,3,Clean: Settled
CFTXN100792,03-02-2026,Cult Gurugram Cyberhub,Cultpass ELITE,Credit Card,17361.81,Failed,347.24,2.5,0,3,Leakage: Gateway Drop
CFTXN100793,06-01-2026,Cult Gurugram Cyberhub,Cultpass LIVE,Credit Card,3149.28,Failed,62.99,2.5,0,3,Leakage: Gateway Drop
CFTXN100794,22-02-2026,Cult Koramangala,Cultpass ELITE,Credit Card,17446.41,Settled,348.93,2.5,17094.98,3,Clean: Settled
CFTXN100795,07-03-2026,Cult Koramangala,Cultpass ELITE,Credit Card,17979.39,Pending,359.59,2.5,0,3,At Risk: In-Transit Float
CFTXN100796,18-03-2026,Cult Koramangala,Cultpass LIVE,Debit Card,4400.86,Pending,44.01,1,0,2,At Risk: In-Transit Float
CFTXN100797,12-02-2026,Cult Gurugram Cyberhub,Cultpass PRO,Credit Card,10696.57,Settled,213.93,2.5,10480.14,3,Clean: Settled
CFTXN100798,16-03-2026,Cult Koramangala,Cultpass ELITE,Debit Card,14023.82,Settled,140.24,1,13882.58,2,Clean: Settled
CFTXN100799,23-01-2026,Cult Koramangala,Cultpass PLAY,Credit Card,9295.52,Settled,185.91,2.5,9107.11,3,Clean: Settled
CFTXN100800,24-02-2026,Cult HSR Layout,Cultpass PLAY,Net Banking,7854,Failed,117.81,3,0,1,Leakage: Gateway Drop
CFTXN100801,21-03-2026,Cult Koramangala,Cultpass ELITE,Net Banking,16394.33,Settled,245.91,3,16145.42,1,Clean: Settled
CFTXN100802,16-03-2026,Cult Indiranagar,Cultpass ELITE,UPI,17544.65,Pending,0,0,0,0,At Risk: In-Transit Float
CFTXN100803,16-01-2026,Cult Gurugram Cyberhub,Cultpass PLAY,Debit Card,9413.13,Settled,94.13,1,9318,2,Clean: Settled
CFTXN100804,08-01-2026,Cult Whitefield,Cultpass PRO,Debit Card,10916.22,Pending,109.16,1,0,2,At Risk: In-Transit Float
CFTXN100805,04-01-2026,Cult HSR Layout,Cultpass PRO,Debit Card,9060.56,Settled,90.61,1,8968.95,2,Clean: Settled
CFTXN100806,04-01-2026,Cult Gurugram Cyberhub,Cultpass LIVE,UPI,4933.1,Settled,0,0,4933.1,0,Clean: Settled
CFTXN100807,25-02-2026,Cult Gurugram Cyberhub,Cultpass ELITE,Debit Card,15768.72,Settled,157.69,1,15610.03,2,Clean: Settled
CFTXN100808,25-01-2026,Cult Indiranagar,Cultpass PRO,Net Banking,11257.25,Settled,168.86,3,11085.39,1,Clean: Settled
CFTXN100809,08-03-2026,Cult Koramangala,Cultpass ELITE,Net Banking,16056.63,Pending,240.85,3,0,1,At Risk: In-Transit Float
CFTXN100810,08-03-2026,Cult Indiranagar,Cultpass LIVE,Credit Card,3614.48,Failed,72.29,2.5,0,3,Leakage: Gateway Drop
CFTXN100811,27-01-2026,Cult Koramangala,Cultpass PRO,UPI,9295.09,Failed,0,0,0,0,Leakage: Gateway Drop
CFTXN100812,01-02-2026,Cult Koramangala,Cultpass PRO,Credit Card,9926.65,Settled,198.53,2.5,9725.62,3,Clean: Settled
CFTXN100813,19-02-2026,Cult Gurugram Cyberhub,Cultpass ELITE,Credit Card,16740.09,Settled,334.8,2.5,16402.79,3,Clean: Settled
CFTXN100814,02-03-2026,Cult Koramangala,Cultpass ELITE,Debit Card,13907.9,Settled,139.08,1,13767.82,2,Clean: Settled
CFTXN100815,20-02-2026,Cult HSR Layout,Cultpass PRO,Credit Card,10029.06,Settled,200.58,2.5,9825.98,3,Clean: Settled
CFTXN100816,19-01-2026,Cult HSR Layout,Cultpass LIVE,Net Banking,3691.25,Settled,55.37,3,3632.88,1,Clean: Settled
CFTXN100817,21-01-2026,Cult HSR Layout,Cultpass PRO,Credit Card,10855.19,Settled,217.1,2.5,10635.59,3,Clean: Settled
CFTXN100818,05-01-2026,Cult Gurugram Cyberhub,Cultpass ELITE,Debit Card,14800.37,Settled,148,1,14651.37,2,Clean: Settled
CFTXN100819,23-03-2026,Cult Indiranagar,Cultpass PLAY,UPI,6268.53,Settled,0,0,6268.53,0,Clean: Settled
CFTXN100820,11-02-2026,Cult Whitefield,Cultpass ELITE,UPI,12996.32,Settled,0,0,12996.32,0,Clean: Settled
CFTXN100821,02-03-2026,Cult Koramangala,Cultpass PLAY,Debit Card,6213.87,Settled,62.14,1,6150.73,2,Clean: Settled
CFTXN100822,22-01-2026,Cult Whitefield,Cultpass ELITE,Net Banking,14995.82,Settled,224.94,3,14767.88,1,Clean: Settled
CFTXN100823,21-01-2026,Cult Indiranagar,Cultpass PRO,UPI,8372.18,Settled,0,0,8372.18,0,Clean: Settled
CFTXN100824,11-03-2026,Cult Indiranagar,Cultpass ELITE,Debit Card,12684.84,Settled,126.85,1,12556.99,2,Clean: Settled
CFTXN100825,01-01-2026,Cult Gurugram Cyberhub,Cultpass PLAY,Credit Card,9293.67,Settled,185.87,2.5,9105.3,3,Clean: Settled
CFTXN100826,05-01-2026,Cult HSR Layout,Cultpass PRO,Debit Card,11054.29,Settled,110.54,1,10942.75,2,Clean: Settled
CFTXN100827,12-01-2026,Cult HSR Layout,Cultpass ELITE,UPI,14712.52,Failed,0,0,0,0,Leakage: Gateway Drop
CFTXN100828,31-03-2026,Cult Indiranagar,Cultpass ELITE,UPI,17914.83,Failed,0,0,0,0,Leakage: Gateway Drop
CFTXN100829,15-02-2026,Cult Gurugram Cyberhub,Cultpass ELITE,UPI,12001.12,Settled,0,0,12001.12,0,Clean: Settled
CFTXN100830,03-02-2026,Cult Gurugram Cyberhub,Cultpass ELITE,Debit Card,15683.88,Settled,156.84,1,15526.04,2,Clean: Settled
CFTXN100831,18-02-2026,Cult Koramangala,Cultpass PLAY,Credit Card,8157.5,Settled,163.15,2.5,7991.85,3,Clean: Settled
CFTXN100832,19-03-2026,Cult HSR Layout,Cultpass PRO,Credit Card,9601.05,Failed,192.02,2.5,0,3,Leakage: Gateway Drop
CFTXN100833,31-03-2026,Cult Indiranagar,Cultpass LIVE,Credit Card,3793.9,Settled,75.88,2.5,3715.52,3,Clean: Settled
CFTXN100834,14-02-2026,Cult Whitefield,Cultpass PRO,UPI,9593.84,Settled,0,0,9593.84,0,Clean: Settled
CFTXN100835,27-01-2026,Cult HSR Layout,Cultpass PRO,UPI,9452.36,Settled,0,0,9452.36,0,Clean: Settled
CFTXN100836,14-03-2026,Cult Koramangala,Cultpass ELITE,Credit Card,16382.95,Failed,327.66,2.5,0,3,Leakage: Gateway Drop
CFTXN100837,26-01-2026,Cult Gurugram Cyberhub,Cultpass ELITE,Debit Card,12812.13,Pending,128.12,1,0,2,At Risk: In-Transit Float
CFTXN100838,16-02-2026,Cult Indiranagar,Cultpass LIVE,Debit Card,3395.28,Failed,33.95,1,0,2,Leakage: Gateway Drop
CFTXN100839,27-03-2026,Cult HSR Layout,Cultpass PLAY,Debit Card,6631.81,Settled,66.32,1,6564.49,2,Clean: Settled
CFTXN100840,25-02-2026,Cult Whitefield,Cultpass ELITE,Credit Card,13574.82,Settled,271.5,2.5,13300.82,3,Clean: Settled
CFTXN100841,04-03-2026,Cult Koramangala,Cultpass ELITE,Credit Card,15151.55,Settled,303.03,2.5,14846.02,3,Clean: Settled
CFTXN100842,17-02-2026,Cult Koramangala,Cultpass PRO,Credit Card,8389.23,Pending,167.78,2.5,0,3,At Risk: In-Transit Float
CFTXN100843,02-03-2026,Cult HSR Layout,Cultpass PLAY,Credit Card,9038.59,Pending,180.77,2.5,0,3,At Risk: In-Transit Float
CFTXN100844,22-03-2026,Cult Whitefield,Cultpass ELITE,Credit Card,13784.17,Settled,275.68,2.5,13505.99,3,Clean: Settled
CFTXN100845,26-01-2026,Cult Koramangala,Cultpass PRO,Credit Card,8568.88,Settled,171.38,2.5,8395,3,Clean: Settled
CFTXN100846,05-02-2026,Cult Indiranagar,Cultpass PLAY,UPI,8364.67,Failed,0,0,0,0,Leakage: Gateway Drop
CFTXN100847,01-01-2026,Cult Koramangala,Cultpass ELITE,Credit Card,12228.52,Settled,244.57,2.5,11981.45,3,Clean: Settled
CFTXN100848,08-01-2026,Cult Whitefield,Cultpass ELITE,Cash,15719.81,Settled,0,0,15719.81,0,Clean: Settled
CFTXN100849,21-02-2026,Cult Gurugram Cyberhub,Cultpass PRO,Credit Card,10443.69,Failed,208.87,2.5,0,3,Leakage: Gateway Drop
CFTXN100850,20-03-2026,Cult Gurugram Cyberhub,Cultpass PLAY,Credit Card,6752.21,Settled,135.04,2.5,6614.67,3,Clean: Settled
CFTXN100851,16-02-2026,Cult HSR Layout,Cultpass ELITE,Debit Card,12251.78,Failed,122.52,1,0,2,Leakage: Gateway Drop
CFTXN100852,25-02-2026,Cult Whitefield,Cultpass PRO,Credit Card,9272.76,Pending,185.46,2.5,0,3,At Risk: In-Transit Float
CFTXN100853,27-03-2026,Cult Koramangala,Cultpass PRO,UPI,8345.08,Settled,0,0,8345.08,0,Clean: Settled
CFTXN100854,14-01-2026,Cult Koramangala,Cultpass PRO,Credit Card,8407.67,Settled,168.15,2.5,8237.02,3,Clean: Settled
CFTXN100855,31-03-2026,Cult Gurugram Cyberhub,Cultpass PRO,Net Banking,8889.91,Failed,133.35,3,0,1,Leakage: Gateway Drop
CFTXN100856,28-01-2026,Cult Gurugram Cyberhub,Cultpass PRO,Net Banking,9034.14,Settled,135.51,3,8895.63,1,Clean: Settled
CFTXN100857,28-03-2026,Cult Indiranagar,Cultpass PRO,Debit Card,9854.9,Settled,98.55,1,9755.35,2,Clean: Settled
CFTXN100858,19-03-2026,Cult Gurugram Cyberhub,Cultpass PRO,Debit Card,10374.37,Failed,103.74,1,0,2,Leakage: Gateway Drop
CFTXN100859,29-03-2026,Cult Indiranagar,Cultpass PRO,UPI,10074.7,Pending,0,0,0,0,At Risk: In-Transit Float
CFTXN100860,02-01-2026,Cult Koramangala,Cultpass PRO,Debit Card,8519.26,Failed,85.19,1,0,2,Leakage: Gateway Drop
CFTXN100861,26-01-2026,Cult Indiranagar,Cultpass PLAY,UPI,6602.3,Failed,0,0,0,0,Leakage: Gateway Drop
CFTXN100862,14-01-2026,Cult Indiranagar,Cultpass ELITE,Credit Card,17272.62,Settled,345.45,2.5,16924.67,3,Clean: Settled
CFTXN100863,28-02-2026,Cult HSR Layout,Cultpass LIVE,Credit Card,4116.7,Pending,82.33,2.5,0,3,At Risk: In-Transit Float
CFTXN100864,25-02-2026,Cult Gurugram Cyberhub,Cultpass LIVE,Debit Card,4739.88,Failed,47.4,1,0,2,Leakage: Gateway Drop
CFTXN100865,07-01-2026,Cult Indiranagar,Cultpass ELITE,Debit Card,14229.28,Settled,142.29,1,14085.99,2,Clean: Settled
CFTXN100866,03-01-2026,Cult Koramangala,Cultpass PRO,Net Banking,10150.4,Settled,152.26,3,9995.14,1,Clean: Settled
CFTXN100867,23-01-2026,Cult Whitefield,Cultpass PRO,Credit Card,9832.82,Pending,196.66,2.5,0,3,At Risk: In-Transit Float
CFTXN100868,18-01-2026,Cult Indiranagar,Cultpass ELITE,UPI,13914.74,Settled,0,0,13914.74,0,Clean: Settled
CFTXN100869,07-02-2026,Cult Gurugram Cyberhub,Cultpass ELITE,Credit Card,14819.49,Settled,296.39,2.5,14520.6,3,Clean: Settled
CFTXN100870,15-01-2026,Cult HSR Layout,Cultpass ELITE,Debit Card,15014.95,Settled,150.15,1,14863.8,2,Clean: Settled
CFTXN100871,05-03-2026,Cult Koramangala,Cultpass ELITE,Credit Card,13204.63,Pending,264.09,2.5,0,3,At Risk: In-Transit Float
CFTXN100872,30-03-2026,Cult HSR Layout,Cultpass LIVE,Debit Card,3630.02,Failed,36.3,1,0,2,Leakage: Gateway Drop
CFTXN100873,28-01-2026,Cult Whitefield,Cultpass ELITE,Credit Card,16748.46,Settled,334.97,2.5,16410.99,3,Clean: Settled
CFTXN100874,15-03-2026,Cult Indiranagar,Cultpass LIVE,Debit Card,4831.58,Pending,48.32,1,0,2,At Risk: In-Transit Float
CFTXN100875,08-02-2026,Cult Indiranagar,Cultpass PRO,UPI,9259.28,Settled,0,0,9259.28,0,Clean: Settled
CFTXN100876,26-02-2026,Cult Gurugram Cyberhub,Cultpass PLAY,Debit Card,7074.4,Pending,70.74,1,0,2,At Risk: In-Transit Float
CFTXN100877,17-01-2026,Cult Indiranagar,Cultpass PRO,Debit Card,8683.19,Settled,86.83,1,8595.36,2,Clean: Settled
CFTXN100878,27-03-2026,Cult Koramangala,Cultpass ELITE,UPI,16070.95,Settled,0,0,16070.95,0,Clean: Settled
CFTXN100879,31-03-2026,Cult Whitefield,Cultpass PRO,UPI,9130.85,Settled,0,0,9130.85,0,Clean: Settled
CFTXN100880,13-02-2026,Cult HSR Layout,Cultpass ELITE,Debit Card,17926.5,Settled,179.27,1,17746.23,2,Clean: Settled
CFTXN100881,25-01-2026,Cult Whitefield,Cultpass PRO,Credit Card,9139.9,Settled,182.8,2.5,8954.6,3,Clean: Settled
CFTXN100882,17-01-2026,Cult Indiranagar,Cultpass PLAY,Net Banking,7379.48,Settled,110.69,3,7265.79,1,Clean: Settled
CFTXN100883,13-01-2026,Cult HSR Layout,Cultpass ELITE,UPI,15620.01,Settled,0,0,15620.01,0,Clean: Settled
CFTXN100884,25-03-2026,Cult Gurugram Cyberhub,Cultpass ELITE,Credit Card,16810.11,Pending,336.2,2.5,0,3,At Risk: In-Transit Float
CFTXN100885,25-01-2026,Cult Whitefield,Cultpass LIVE,Credit Card,3939.04,Pending,78.78,2.5,0,3,At Risk: In-Transit Float
CFTXN100886,09-03-2026,Cult HSR Layout,Cultpass PLAY,UPI,7479.3,Settled,0,0,7479.3,0,Clean: Settled
CFTXN100887,10-01-2026,Cult HSR Layout,Cultpass PRO,Credit Card,11484.73,Settled,229.69,2.5,11252.54,3,Clean: Settled
CFTXN100888,08-03-2026,Cult HSR Layout,Cultpass ELITE,Cash,12062.96,Settled,0,0,12062.96,0,Clean: Settled
CFTXN100889,18-01-2026,Cult Koramangala,Cultpass PRO,Credit Card,11132.73,Settled,222.65,2.5,10907.58,3,Clean: Settled
CFTXN100890,27-03-2026,Cult Whitefield,Cultpass ELITE,UPI,12894.84,Settled,0,0,12894.84,0,Clean: Settled
CFTXN100891,03-02-2026,Cult HSR Layout,Cultpass LIVE,Debit Card,4571.85,Settled,45.72,1,4525.13,2,Clean: Settled
CFTXN100892,08-01-2026,Cult Whitefield,Cultpass PLAY,Debit Card,8162.76,Pending,81.63,1,0,2,At Risk: In-Transit Float
CFTXN100893,09-02-2026,Cult HSR Layout,Cultpass LIVE,Net Banking,3683.69,Failed,55.26,3,0,1,Leakage: Gateway Drop
CFTXN100894,24-03-2026,Cult Gurugram Cyberhub,Cultpass PLAY,Debit Card,9058.56,Failed,90.59,1,0,2,Leakage: Gateway Drop
CFTXN100895,11-02-2026,Cult Gurugram Cyberhub,Cultpass ELITE,Debit Card,12077.44,Failed,120.77,1,0,2,Leakage: Gateway Drop
CFTXN100896,10-02-2026,Cult Gurugram Cyberhub,Cultpass LIVE,Credit Card,3453.38,Settled,69.07,2.5,3381.81,3,Clean: Settled
CFTXN100897,06-01-2026,Cult Indiranagar,Cultpass LIVE,Credit Card,4133.79,Settled,82.68,2.5,4048.61,3,Clean: Settled
CFTXN100898,21-02-2026,Cult HSR Layout,Cultpass ELITE,Credit Card,14109.25,Settled,282.19,2.5,13824.56,3,Clean: Settled
CFTXN100899,26-01-2026,Cult Indiranagar,Cultpass PLAY,UPI,8136.32,Pending,0,0,0,0,At Risk: In-Transit Float
CFTXN100900,05-03-2026,Cult Whitefield,Cultpass ELITE,Credit Card,12144.66,Failed,242.89,2.5,0,3,Leakage: Gateway Drop
CFTXN100901,28-02-2026,Cult Indiranagar,Cultpass PRO,Credit Card,8407.61,Settled,168.15,2.5,8236.96,3,Clean: Settled
CFTXN100902,25-02-2026,Cult Whitefield,Cultpass LIVE,Debit Card,3254.19,Settled,32.54,1,3220.65,2,Clean: Settled
CFTXN100903,28-02-2026,Cult Whitefield,Cultpass PRO,UPI,8662.49,Pending,0,0,0,0,At Risk: In-Transit Float
CFTXN100904,11-03-2026,Cult Whitefield,Cultpass ELITE,UPI,14755.99,Pending,0,0,0,0,At Risk: In-Transit Float
CFTXN100905,02-02-2026,Cult Indiranagar,Cultpass PRO,Credit Card,10632.45,Settled,212.65,2.5,10417.3,3,Clean: Settled
CFTXN100906,22-02-2026,Cult HSR Layout,Cultpass PRO,Credit Card,11169.39,Settled,223.39,2.5,10943.5,3,Clean: Settled
CFTXN100907,22-01-2026,Cult Indiranagar,Cultpass PLAY,Net Banking,8923.8,Settled,133.86,3,8786.94,1,Clean: Settled
CFTXN100908,21-01-2026,Cult HSR Layout,Cultpass PRO,Credit Card,8689.11,Failed,173.78,2.5,0,3,Leakage: Gateway Drop
CFTXN100909,11-03-2026,Cult HSR Layout,Cultpass ELITE,Net Banking,14646.9,Failed,219.7,3,0,1,Leakage: Gateway Drop
CFTXN100910,11-03-2026,Cult Whitefield,Cultpass LIVE,Net Banking,3398.82,Settled,50.98,3,3344.84,1,Clean: Settled
CFTXN100911,04-01-2026,Cult Indiranagar,Cultpass PRO,UPI,8925.65,Settled,0,0,8925.65,0,Clean: Settled
CFTXN100912,16-03-2026,Cult HSR Layout,Cultpass PRO,Credit Card,9762.41,Settled,195.25,2.5,9564.66,3,Clean: Settled
CFTXN100913,03-03-2026,Cult Gurugram Cyberhub,Cultpass PRO,UPI,8238.38,Pending,0,0,0,0,At Risk: In-Transit Float
CFTXN100914,03-03-2026,Cult HSR Layout,Cultpass PLAY,UPI,6763.61,Settled,0,0,6763.61,0,Clean: Settled
CFTXN100915,24-01-2026,Cult Gurugram Cyberhub,Cultpass PRO,UPI,11273.82,Pending,0,0,0,0,At Risk: In-Transit Float
CFTXN100916,24-02-2026,Cult Indiranagar,Cultpass PRO,Credit Card,9631.41,Settled,192.63,2.5,9436.28,3,Clean: Settled
CFTXN100917,09-01-2026,Cult Indiranagar,Cultpass ELITE,Credit Card,14672.32,Settled,293.45,2.5,14376.37,3,Clean: Settled
CFTXN100918,03-01-2026,Cult Indiranagar,Cultpass ELITE,Credit Card,12087.4,Settled,241.75,2.5,11843.15,3,Clean: Settled
CFTXN100919,31-01-2026,Cult HSR Layout,Cultpass ELITE,Debit Card,13484.4,Pending,134.84,1,0,2,At Risk: In-Transit Float
CFTXN100920,09-02-2026,Cult Koramangala,Cultpass ELITE,UPI,17197.75,Settled,0,0,17197.75,0,Clean: Settled
CFTXN100921,05-02-2026,Cult HSR Layout,Cultpass PRO,Debit Card,8576.2,Settled,85.76,1,8489.44,2,Clean: Settled
CFTXN100922,24-01-2026,Cult HSR Layout,Cultpass LIVE,Debit Card,3830.25,Pending,38.3,1,0,2,At Risk: In-Transit Float
CFTXN100923,06-01-2026,Cult Whitefield,Cultpass PRO,Debit Card,8050.16,Settled,80.5,1,7968.66,2,Clean: Settled
CFTXN100924,07-03-2026,Cult Whitefield,Cultpass LIVE,UPI,3956.67,Failed,0,0,0,0,Leakage: Gateway Drop
CFTXN100925,25-03-2026,Cult HSR Layout,Cultpass PLAY,Net Banking,6073.57,Pending,91.1,3,0,1,At Risk: In-Transit Float
CFTXN100926,16-03-2026,Cult Gurugram Cyberhub,Cultpass LIVE,Credit Card,4639.22,Settled,92.78,2.5,4543.94,3,Clean: Settled
CFTXN100927,04-01-2026,Cult Whitefield,Cultpass PRO,Debit Card,10886.99,Settled,108.87,1,10777.12,2,Clean: Settled
CFTXN100928,20-03-2026,Cult HSR Layout,Cultpass PRO,Credit Card,10757.1,Settled,215.14,2.5,10539.46,3,Clean: Settled
CFTXN100929,06-01-2026,Cult Koramangala,Cultpass PRO,UPI,8991.77,Settled,0,0,8991.77,0,Clean: Settled
CFTXN100930,20-02-2026,Cult Gurugram Cyberhub,Cultpass ELITE,UPI,17023.42,Settled,0,0,17023.42,0,Clean: Settled
CFTXN100931,03-03-2026,Cult Indiranagar,Cultpass ELITE,Net Banking,15257.99,Settled,228.87,3,15026.12,1,Clean: Settled
CFTXN100932,26-02-2026,Cult HSR Layout,Cultpass PLAY,Credit Card,7308.33,Settled,146.17,2.5,7159.66,3,Clean: Settled
CFTXN100933,07-03-2026,Cult HSR Layout,Cultpass LIVE,Cash,4250.66,Settled,0,0,4250.66,0,Clean: Settled
CFTXN100934,20-03-2026,Cult Gurugram Cyberhub,Cultpass ELITE,Credit Card,12074.05,Failed,241.48,2.5,0,3,Leakage: Gateway Drop
CFTXN100935,16-03-2026,Cult Whitefield,Cultpass PRO,UPI,8500.36,Settled,0,0,8500.36,0,Clean: Settled
CFTXN100936,08-01-2026,Cult Whitefield,Cultpass LIVE,Credit Card,4484.59,Pending,89.69,2.5,0,3,At Risk: In-Transit Float
CFTXN100937,26-01-2026,Cult Whitefield,Cultpass ELITE,Net Banking,13464.97,Settled,201.97,3,13260,1,Clean: Settled
CFTXN100938,20-02-2026,Cult Indiranagar,Cultpass ELITE,Debit Card,15588.05,Settled,155.88,1,15431.17,2,Clean: Settled
CFTXN100939,14-02-2026,Cult Gurugram Cyberhub,Cultpass PLAY,UPI,7347.86,Pending,0,0,0,0,At Risk: In-Transit Float
CFTXN100940,13-02-2026,Cult Gurugram Cyberhub,Cultpass PRO,UPI,10991.82,Pending,0,0,0,0,At Risk: In-Transit Float
CFTXN100941,05-01-2026,Cult Whitefield,Cultpass ELITE,Credit Card,17714.49,Pending,354.29,2.5,0,3,At Risk: In-Transit Float
CFTXN100942,11-03-2026,Cult Whitefield,Cultpass PRO,Credit Card,11092.48,Pending,221.85,2.5,0,3,At Risk: In-Transit Float
CFTXN100943,26-01-2026,Cult Koramangala,Cultpass PLAY,Net Banking,6947.17,Settled,104.21,3,6839.96,1,Clean: Settled
CFTXN100944,09-03-2026,Cult Koramangala,Cultpass PRO,Credit Card,8679.57,Settled,173.59,2.5,8503.48,3,Clean: Settled
CFTXN100945,19-01-2026,Cult HSR Layout,Cultpass ELITE,Credit Card,14846.61,Failed,296.93,2.5,0,3,Leakage: Gateway Drop
CFTXN100946,25-03-2026,Cult HSR Layout,Cultpass ELITE,Debit Card,12044,Settled,120.44,1,11922.56,2,Clean: Settled
CFTXN100947,20-01-2026,Cult Gurugram Cyberhub,Cultpass PRO,UPI,8090.33,Pending,0,0,0,0,At Risk: In-Transit Float
CFTXN100948,12-01-2026,Cult Gurugram Cyberhub,Cultpass PRO,Credit Card,9936.52,Settled,198.73,2.5,9735.29,3,Clean: Settled
CFTXN100949,16-02-2026,Cult Indiranagar,Cultpass LIVE,Credit Card,4040.9,Settled,80.82,2.5,3957.58,3,Clean: Settled
CFTXN100950,01-01-2026,Cult Indiranagar,Cultpass ELITE,Credit Card,17967.49,Pending,359.35,2.5,0,3,At Risk: In-Transit Float
CFTXN100951,31-03-2026,Cult Koramangala,Cultpass PLAY,Debit Card,6706.45,Settled,67.06,1,6638.39,2,Clean: Settled
CFTXN100952,14-01-2026,Cult HSR Layout,Cultpass ELITE,Net Banking,13548.62,Settled,203.23,3,13342.39,1,Clean: Settled
CFTXN100953,05-03-2026,Cult Koramangala,Cultpass ELITE,Cash,12681.24,Settled,0,0,12681.24,0,Clean: Settled
CFTXN100954,07-02-2026,Cult Koramangala,Cultpass ELITE,UPI,17505.26,Settled,0,0,17505.26,0,Clean: Settled
CFTXN100955,06-02-2026,Cult HSR Layout,Cultpass ELITE,Credit Card,16666.87,Failed,333.34,2.5,0,3,Leakage: Gateway Drop
CFTXN100956,11-01-2026,Cult Indiranagar,Cultpass PRO,Net Banking,10878.19,Pending,163.17,3,0,1,At Risk: In-Transit Float
CFTXN100957,18-03-2026,Cult HSR Layout,Cultpass PRO,Debit Card,11159.67,Settled,111.6,1,11047.07,2,Clean: Settled
CFTXN100958,03-01-2026,Cult Whitefield,Cultpass ELITE,Credit Card,15149.4,Settled,302.99,2.5,14843.91,3,Clean: Settled
CFTXN100959,02-02-2026,Cult Whitefield,Cultpass PRO,Net Banking,9579.18,Settled,143.69,3,9432.49,1,Clean: Settled
CFTXN100960,06-01-2026,Cult Whitefield,Cultpass ELITE,UPI,13982.35,Settled,0,0,13982.35,0,Clean: Settled
CFTXN100961,19-02-2026,Cult Gurugram Cyberhub,Cultpass LIVE,UPI,4178.43,Settled,0,0,4178.43,0,Clean: Settled
CFTXN100962,10-01-2026,Cult Indiranagar,Cultpass PLAY,UPI,7589.97,Settled,0,0,7589.97,0,Clean: Settled
CFTXN100963,05-01-2026,Cult Indiranagar,Cultpass ELITE,Credit Card,14709.39,Failed,294.19,2.5,0,3,Leakage: Gateway Drop
CFTXN100964,23-01-2026,Cult Gurugram Cyberhub,Cultpass PRO,Credit Card,11279.25,Settled,225.59,2.5,11051.16,3,Clean: Settled
CFTXN100965,10-01-2026,Cult Koramangala,Cultpass ELITE,UPI,17904.19,Failed,0,0,0,0,Leakage: Gateway Drop
CFTXN100966,13-02-2026,Cult Whitefield,Cultpass ELITE,Credit Card,16778.91,Settled,335.58,2.5,16440.83,3,Clean: Settled
CFTXN100967,02-01-2026,Cult Whitefield,Cultpass ELITE,Debit Card,16540.55,Pending,165.41,1,0,2,At Risk: In-Transit Float
CFTXN100968,13-01-2026,Cult Koramangala,Cultpass LIVE,UPI,4361.12,Settled,0,0,4361.12,0,Clean: Settled
CFTXN100969,09-02-2026,Cult HSR Layout,Cultpass PRO,UPI,8581.26,Settled,0,0,8581.26,0,Clean: Settled
CFTXN100970,02-01-2026,Cult HSR Layout,Cultpass ELITE,Debit Card,12354.63,Settled,123.55,1,12230.08,2,Clean: Settled
CFTXN100971,25-03-2026,Cult Indiranagar,Cultpass LIVE,UPI,4381.45,Settled,0,0,4381.45,0,Clean: Settled
CFTXN100972,06-03-2026,Cult Gurugram Cyberhub,Cultpass PRO,UPI,10550.75,Failed,0,0,0,0,Leakage: Gateway Drop
CFTXN100973,04-03-2026,Cult Indiranagar,Cultpass LIVE,UPI,3093.95,Pending,0,0,0,0,At Risk: In-Transit Float
CFTXN100974,14-03-2026,Cult HSR Layout,Cultpass PRO,Credit Card,11248.18,Settled,224.96,2.5,11020.72,3,Clean: Settled
CFTXN100975,17-01-2026,Cult Koramangala,Cultpass PRO,Credit Card,8318.99,Settled,166.38,2.5,8150.11,3,Clean: Settled
CFTXN100976,09-01-2026,Cult Indiranagar,Cultpass ELITE,Credit Card,13715.4,Failed,274.31,2.5,0,3,Leakage: Gateway Drop
CFTXN100977,16-03-2026,Cult Whitefield,Cultpass ELITE,Credit Card,16034.34,Pending,320.69,2.5,0,3,At Risk: In-Transit Float
CFTXN100978,15-01-2026,Cult Whitefield,Cultpass PLAY,Credit Card,6594.55,Settled,131.89,2.5,6460.16,3,Clean: Settled
CFTXN100979,24-01-2026,Cult Koramangala,Cultpass ELITE,Credit Card,12332.5,Pending,246.65,2.5,0,3,At Risk: In-Transit Float
CFTXN100980,07-02-2026,Cult HSR Layout,Cultpass PLAY,Debit Card,7159.01,Settled,71.59,1,7086.42,2,Clean: Settled
CFTXN100981,04-02-2026,Cult Whitefield,Cultpass PRO,Net Banking,10680.9,Settled,160.21,3,10517.69,1,Clean: Settled
CFTXN100982,18-02-2026,Cult Whitefield,Cultpass ELITE,Credit Card,14482.07,Failed,289.64,2.5,0,3,Leakage: Gateway Drop
CFTXN100983,10-03-2026,Cult Gurugram Cyberhub,Cultpass ELITE,UPI,15917.84,Pending,0,0,0,0,At Risk: In-Transit Float
CFTXN100984,03-03-2026,Cult Indiranagar,Cultpass ELITE,UPI,15477.71,Settled,0,0,15477.71,0,Clean: Settled
CFTXN100985,01-03-2026,Cult HSR Layout,Cultpass PLAY,Credit Card,6077.76,Settled,121.56,2.5,5953.7,3,Clean: Settled
CFTXN100986,19-02-2026,Cult Indiranagar,Cultpass PRO,Net Banking,11459.89,Settled,171.9,3,11284.99,1,Clean: Settled
CFTXN100987,19-03-2026,Cult HSR Layout,Cultpass ELITE,UPI,12248.57,Failed,0,0,0,0,Leakage: Gateway Drop
CFTXN100988,16-03-2026,Cult Whitefield,Cultpass ELITE,Debit Card,17806.82,Settled,178.07,1,17627.75,2,Clean: Settled
CFTXN100989,09-01-2026,Cult Gurugram Cyberhub,Cultpass ELITE,UPI,15299.19,Settled,0,0,15299.19,0,Clean: Settled
CFTXN100990,03-02-2026,Cult Indiranagar,Cultpass PRO,Credit Card,11371.06,Settled,227.42,2.5,11141.14,3,Clean: Settled
CFTXN100991,17-03-2026,Cult Whitefield,Cultpass ELITE,UPI,12688.52,Pending,0,0,0,0,At Risk: In-Transit Float
CFTXN100992,04-02-2026,Cult HSR Layout,Cultpass LIVE,Credit Card,3980.82,Settled,79.62,2.5,3898.7,3,Clean: Settled
CFTXN100993,01-01-2026,Cult Indiranagar,Cultpass ELITE,UPI,13017.02,Settled,0,0,13017.02,0,Clean: Settled
CFTXN100994,09-02-2026,Cult Indiranagar,Cultpass ELITE,Debit Card,12305.85,Settled,123.06,1,12181.79,2,Clean: Settled
CFTXN100995,05-03-2026,Cult Whitefield,Cultpass PRO,UPI,10161.35,Failed,0,0,0,0,Leakage: Gateway Drop
CFTXN100996,22-01-2026,Cult Indiranagar,Cultpass PRO,Credit Card,8727.24,Settled,174.54,2.5,8550.2,3,Clean: Settled
CFTXN100997,01-03-2026,Cult Gurugram Cyberhub,Cultpass PLAY,UPI,8056.94,Settled,0,0,8056.94,0,Clean: Settled
CFTXN100998,05-03-2026,Cult Gurugram Cyberhub,Cultpass PRO,UPI,8393.28,Pending,0,0,0,0,At Risk: In-Transit Float
CFTXN100999,13-03-2026,Cult Whitefield,Cultpass ELITE,Debit Card,13991.92,Settled,139.92,1,13851,2,Clean: Settled
CFTXN101000,11-01-2026,Cult HSR Layout,Cultpass PRO,UPI,10735.71,Settled,0,0,10735.71,0,Clean: Settled
CFTXN101001,14-01-2026,Cult Whitefield,Cultpass ELITE,Debit Card,14622.31,Settled,146.22,1,14475.09,2,Clean: Settled
CFTXN101002,01-03-2026,Cult Gurugram Cyberhub,Cultpass ELITE,Net Banking,15766.47,Settled,236.5,3,15526.97,1,Clean: Settled
CFTXN101003,30-01-2026,Cult Koramangala,Cultpass PLAY,Debit Card,8266.1,Failed,82.66,1,0,2,Leakage: Gateway Drop
CFTXN101004,04-02-2026,Cult Koramangala,Cultpass LIVE,UPI,4687.51,Settled,0,0,4687.51,0,Clean: Settled
CFTXN101005,26-03-2026,Cult Indiranagar,Cultpass PLAY,UPI,7137.23,Settled,0,0,7137.23,0,Clean: Settled
CFTXN101006,06-02-2026,Cult Indiranagar,Cultpass PRO,Debit Card,10405.53,Settled,104.06,1,10300.47,2,Clean: Settled
CFTXN101007,05-01-2026,Cult Koramangala,Cultpass PRO,Credit Card,11365.66,Settled,227.31,2.5,11135.85,3,Clean: Settled
CFTXN101008,24-03-2026,Cult Gurugram Cyberhub,Cultpass ELITE,Debit Card,16381.46,Settled,163.81,1,16216.65,2,Clean: Settled
CFTXN101009,19-03-2026,Cult Indiranagar,Cultpass ELITE,UPI,14939.22,Failed,0,0,0,0,Leakage: Gateway Drop
CFTXN101010,26-01-2026,Cult Whitefield,Cultpass LIVE,Credit Card,4261.43,Settled,85.23,2.5,4173.7,3,Clean: Settled
CFTXN101011,03-03-2026,Cult Whitefield,Cultpass ELITE,Debit Card,16438.1,Pending,164.38,1,0,2,At Risk: In-Transit Float
CFTXN101012,04-01-2026,Cult Gurugram Cyberhub,Cultpass LIVE,UPI,4224.55,Settled,0,0,4224.55,0,Clean: Settled
CFTXN101013,30-03-2026,Cult Indiranagar,Cultpass LIVE,Debit Card,3033.35,Failed,30.33,1,0,2,Leakage: Gateway Drop
CFTXN101014,11-02-2026,Cult Whitefield,Cultpass ELITE,UPI,13168.64,Pending,0,0,0,0,At Risk: In-Transit Float
CFTXN101015,30-03-2026,Cult Indiranagar,Cultpass PRO,Credit Card,10836.64,Settled,216.73,2.5,10617.41,3,Clean: Settled
CFTXN101016,18-01-2026,Cult Indiranagar,Cultpass PRO,Credit Card,8954.28,Settled,179.09,2.5,8772.69,3,Clean: Settled
CFTXN101017,09-02-2026,Cult Whitefield,Cultpass ELITE,UPI,16389.37,Settled,0,0,16389.37,0,Clean: Settled
CFTXN101018,13-03-2026,Cult Koramangala,Cultpass LIVE,Credit Card,3744.24,Settled,74.88,2.5,3666.86,3,Clean: Settled
CFTXN101019,08-02-2026,Cult Whitefield,Cultpass PRO,Credit Card,9826.6,Settled,196.53,2.5,9627.57,3,Clean: Settled
CFTXN101020,14-01-2026,Cult Gurugram Cyberhub,Cultpass ELITE,Net Banking,12407.84,Settled,186.12,3,12218.72,1,Clean: Settled
CFTXN101021,01-02-2026,Cult HSR Layout,Cultpass PRO,Credit Card,8634.29,Settled,172.69,2.5,8459.1,3,Clean: Settled
CFTXN101022,20-02-2026,Cult Whitefield,Cultpass PLAY,Cash,9350.19,Settled,0,0,9350.19,0,Clean: Settled
CFTXN101023,07-02-2026,Cult Indiranagar,Cultpass ELITE,Cash,17340.83,Settled,0,0,17340.83,0,Clean: Settled
CFTXN101024,23-01-2026,Cult Indiranagar,Cultpass LIVE,Credit Card,4304.55,Pending,86.09,2.5,0,3,At Risk: In-Transit Float
CFTXN101025,04-03-2026,Cult Whitefield,Cultpass ELITE,Credit Card,14757.87,Settled,295.16,2.5,14460.21,3,Clean: Settled
CFTXN101026,15-01-2026,Cult HSR Layout,Cultpass LIVE,UPI,4351.52,Settled,0,0,4351.52,0,Clean: Settled
CFTXN101027,25-01-2026,Cult Whitefield,Cultpass LIVE,Debit Card,4237.22,Settled,42.37,1,4193.85,2,Clean: Settled
CFTXN101028,17-01-2026,Cult HSR Layout,Cultpass ELITE,Credit Card,15411.31,Settled,308.23,2.5,15100.58,3,Clean: Settled
CFTXN101029,07-03-2026,Cult HSR Layout,Cultpass ELITE,UPI,12355.06,Pending,0,0,0,0,At Risk: In-Transit Float
CFTXN101030,19-03-2026,Cult Gurugram Cyberhub,Cultpass LIVE,Credit Card,4265.61,Failed,85.31,2.5,0,3,Leakage: Gateway Drop
CFTXN101031,22-02-2026,Cult Indiranagar,Cultpass PRO,Net Banking,10691.22,Failed,160.37,3,0,1,Leakage: Gateway Drop
CFTXN101032,20-02-2026,Cult Indiranagar,Cultpass LIVE,Credit Card,4988.16,Failed,99.76,2.5,0,3,Leakage: Gateway Drop
CFTXN101033,08-02-2026,Cult HSR Layout,Cultpass ELITE,Credit Card,12066.47,Settled,241.33,2.5,11822.64,3,Clean: Settled
CFTXN101034,20-02-2026,Cult Indiranagar,Cultpass PLAY,Credit Card,8555.61,Settled,171.11,2.5,8382,3,Clean: Settled
CFTXN101035,11-03-2026,Cult Koramangala,Cultpass LIVE,Cash,4143.58,Failed,0,0,0,0,Leakage: Gateway Drop
CFTXN101036,06-01-2026,Cult HSR Layout,Cultpass PLAY,UPI,7519.18,Settled,0,0,7519.18,0,Clean: Settled
CFTXN101037,08-03-2026,Cult Indiranagar,Cultpass ELITE,UPI,12765.42,Pending,0,0,0,0,At Risk: In-Transit Float
CFTXN101038,07-01-2026,Cult Koramangala,Cultpass PRO,Debit Card,9431.8,Failed,94.32,1,0,2,Leakage: Gateway Drop
CFTXN101039,20-02-2026,Cult Gurugram Cyberhub,Cultpass PRO,Credit Card,9240.32,Settled,184.81,2.5,9053.01,3,Clean: Settled
CFTXN101040,13-03-2026,Cult Indiranagar,Cultpass ELITE,Credit Card,13816.98,Failed,276.34,2.5,0,3,Leakage: Gateway Drop
CFTXN101041,11-02-2026,Cult Koramangala,Cultpass PRO,Debit Card,10558.08,Settled,105.58,1,10451.5,2,Clean: Settled
CFTXN101042,05-03-2026,Cult Whitefield,Cultpass ELITE,UPI,16204.35,Settled,0,0,16204.35,0,Clean: Settled
CFTXN101043,15-01-2026,Cult Whitefield,Cultpass LIVE,UPI,4178.04,Failed,0,0,0,0,Leakage: Gateway Drop
CFTXN101044,29-01-2026,Cult Koramangala,Cultpass PRO,Credit Card,11285.33,Settled,225.71,2.5,11057.12,3,Clean: Settled
CFTXN101045,02-02-2026,Cult HSR Layout,Cultpass ELITE,Net Banking,14099.13,Pending,211.49,3,0,1,At Risk: In-Transit Float
CFTXN101046,27-01-2026,Cult HSR Layout,Cultpass PRO,Credit Card,8853.31,Settled,177.07,2.5,8673.74,3,Clean: Settled
CFTXN101047,05-02-2026,Cult Indiranagar,Cultpass PRO,Cash,10295.66,Pending,0,0,0,0,At Risk: In-Transit Float
CFTXN101048,29-01-2026,Cult Whitefield,Cultpass ELITE,Credit Card,13192.88,Failed,263.86,2.5,0,3,Leakage: Gateway Drop
CFTXN101049,07-02-2026,Cult HSR Layout,Cultpass PLAY,Debit Card,7102.54,Pending,71.03,1,0,2,At Risk: In-Transit Float
CFTXN101050,26-02-2026,Cult HSR Layout,Cultpass PLAY,Credit Card,6786.11,Settled,135.72,2.5,6647.89,3,Clean: Settled
CFTXN101051,27-01-2026,Cult Whitefield,Cultpass PRO,Debit Card,8242.04,Settled,82.42,1,8158.62,2,Clean: Settled
CFTXN101052,24-02-2026,Cult Gurugram Cyberhub,Cultpass ELITE,UPI,16964.99,Settled,0,0,16964.99,0,Clean: Settled
CFTXN101053,02-02-2026,Cult HSR Layout,Cultpass LIVE,Debit Card,3509.08,Settled,35.09,1,3472.99,2,Clean: Settled
CFTXN101054,09-03-2026,Cult Koramangala,Cultpass PRO,Debit Card,9655.6,Settled,96.56,1,9558.04,2,Clean: Settled
CFTXN101055,27-03-2026,Cult Indiranagar,Cultpass ELITE,UPI,12259.89,Settled,0,0,12259.89,0,Clean: Settled
CFTXN101056,07-03-2026,Cult HSR Layout,Cultpass PRO,UPI,10447.69,Failed,0,0,0,0,Leakage: Gateway Drop
CFTXN101057,10-01-2026,Cult HSR Layout,Cultpass PRO,UPI,9156.96,Pending,0,0,0,0,At Risk: In-Transit Float
CFTXN101058,05-01-2026,Cult Gurugram Cyberhub,Cultpass PRO,Credit Card,10606.58,Pending,212.13,2.5,0,3,At Risk: In-Transit Float
CFTXN101059,15-03-2026,Cult Koramangala,Cultpass PRO,UPI,9443.41,Settled,0,0,9443.41,0,Clean: Settled
CFTXN101060,07-02-2026,Cult Indiranagar,Cultpass PRO,UPI,8685.14,Settled,0,0,8685.14,0,Clean: Settled
CFTXN101061,13-01-2026,Cult HSR Layout,Cultpass PLAY,Debit Card,7796.11,Pending,77.96,1,0,2,At Risk: In-Transit Float
CFTXN101062,31-01-2026,Cult Indiranagar,Cultpass ELITE,Debit Card,12783.03,Failed,127.83,1,0,2,Leakage: Gateway Drop
CFTXN101063,16-02-2026,Cult Whitefield,Cultpass LIVE,Credit Card,3881.08,Pending,77.62,2.5,0,3,At Risk: In-Transit Float
CFTXN101064,29-03-2026,Cult HSR Layout,Cultpass PLAY,Credit Card,7110.57,Settled,142.21,2.5,6965.86,3,Clean: Settled
CFTXN101065,21-02-2026,Cult HSR Layout,Cultpass PRO,Credit Card,11191.86,Settled,223.84,2.5,10965.52,3,Clean: Settled
CFTXN101066,25-02-2026,Cult Whitefield,Cultpass PRO,Credit Card,8213.25,Settled,164.27,2.5,8046.48,3,Clean: Settled
CFTXN101067,15-01-2026,Cult Gurugram Cyberhub,Cultpass PRO,UPI,10429.06,Settled,0,0,10429.06,0,Clean: Settled
CFTXN101068,29-01-2026,Cult HSR Layout,Cultpass PRO,UPI,8639.63,Failed,0,0,0,0,Leakage: Gateway Drop
CFTXN101069,08-01-2026,Cult Indiranagar,Cultpass LIVE,Cash,3638.09,Settled,0,0,3638.09,0,Clean: Settled
CFTXN101070,05-01-2026,Cult Koramangala,Cultpass PRO,UPI,9454.3,Settled,0,0,9454.3,0,Clean: Settled
CFTXN101071,29-01-2026,Cult Indiranagar,Cultpass PLAY,Credit Card,9178.05,Settled,183.56,2.5,8991.99,3,Clean: Settled
CFTXN101072,16-02-2026,Cult Gurugram Cyberhub,Cultpass ELITE,Net Banking,13455.47,Settled,201.83,3,13250.64,1,Clean: Settled
CFTXN101073,09-03-2026,Cult Koramangala,Cultpass ELITE,Net Banking,12547.85,Settled,188.22,3,12356.63,1,Clean: Settled
CFTXN101074,17-03-2026,Cult Indiranagar,Cultpass PRO,Debit Card,9115.41,Settled,91.15,1,9023.26,2,Clean: Settled
CFTXN101075,14-02-2026,Cult Indiranagar,Cultpass ELITE,UPI,12628.06,Failed,0,0,0,0,Leakage: Gateway Drop
CFTXN101076,02-01-2026,Cult Whitefield,Cultpass ELITE,Cash,12771.58,Pending,0,0,0,0,At Risk: In-Transit Float
CFTXN101077,27-01-2026,Cult Gurugram Cyberhub,Cultpass ELITE,Debit Card,15443.1,Failed,154.43,1,0,2,Leakage: Gateway Drop
CFTXN101078,05-02-2026,Cult Whitefield,Cultpass ELITE,Net Banking,12365.41,Settled,185.48,3,12176.93,1,Clean: Settled
CFTXN101079,05-02-2026,Cult Koramangala,Cultpass ELITE,Credit Card,12185.59,Settled,243.71,2.5,11939.38,3,Clean: Settled
CFTXN101080,26-01-2026,Cult Whitefield,Cultpass PLAY,Credit Card,8500.45,Settled,170.01,2.5,8327.94,3,Clean: Settled
CFTXN101081,12-02-2026,Cult Gurugram Cyberhub,Cultpass ELITE,Debit Card,14169.88,Pending,141.7,1,0,2,At Risk: In-Transit Float
CFTXN101082,27-01-2026,Cult HSR Layout,Cultpass LIVE,UPI,3250.75,Settled,0,0,3250.75,0,Clean: Settled
CFTXN101083,10-03-2026,Cult HSR Layout,Cultpass LIVE,UPI,3507.23,Settled,0,0,3507.23,0,Clean: Settled
CFTXN101084,20-01-2026,Cult Koramangala,Cultpass PLAY,Cash,8247.3,Failed,0,0,0,0,Leakage: Gateway Drop
CFTXN101085,11-01-2026,Cult HSR Layout,Cultpass ELITE,Debit Card,13653.22,Failed,136.53,1,0,2,Leakage: Gateway Drop
CFTXN101086,15-03-2026,Cult Whitefield,Cultpass PLAY,Credit Card,7730.82,Settled,154.62,2.5,7573.7,3,Clean: Settled
CFTXN101087,07-02-2026,Cult Koramangala,Cultpass PRO,UPI,8425.93,Settled,0,0,8425.93,0,Clean: Settled
CFTXN101088,06-01-2026,Cult Gurugram Cyberhub,Cultpass PRO,UPI,10058.33,Settled,0,0,10058.33,0,Clean: Settled
CFTXN101089,13-03-2026,Cult Koramangala,Cultpass PRO,Credit Card,9106.27,Settled,182.13,2.5,8921.64,3,Clean: Settled
CFTXN101090,23-01-2026,Cult Koramangala,Cultpass LIVE,Debit Card,4253.94,Pending,42.54,1,0,2,At Risk: In-Transit Float
CFTXN101091,16-02-2026,Cult Indiranagar,Cultpass ELITE,UPI,16850.37,Settled,0,0,16850.37,0,Clean: Settled
CFTXN101092,31-03-2026,Cult Indiranagar,Cultpass LIVE,UPI,4223.29,Failed,0,0,0,0,Leakage: Gateway Drop
CFTXN101093,15-02-2026,Cult Koramangala,Cultpass PRO,Debit Card,9035.12,Failed,90.35,1,0,2,Leakage: Gateway Drop
CFTXN101094,12-01-2026,Cult HSR Layout,Cultpass LIVE,Credit Card,3511.49,Pending,70.23,2.5,0,3,At Risk: In-Transit Float
CFTXN101095,31-03-2026,Cult Indiranagar,Cultpass PLAY,Cash,7145.97,Settled,0,0,7145.97,0,Clean: Settled
CFTXN101096,13-01-2026,Cult Gurugram Cyberhub,Cultpass ELITE,UPI,12987.72,Settled,0,0,12987.72,0,Clean: Settled
CFTXN101097,03-03-2026,Cult Whitefield,Cultpass PLAY,Debit Card,6634.1,Pending,66.34,1,0,2,At Risk: In-Transit Float
CFTXN101098,23-03-2026,Cult Indiranagar,Cultpass ELITE,Credit Card,16744.15,Settled,334.88,2.5,16406.77,3,Clean: Settled
CFTXN101099,30-03-2026,Cult Koramangala,Cultpass ELITE,UPI,14308.4,Settled,0,0,14308.4,0,Clean: Settled
CFTXN101100,01-03-2026,Cult HSR Layout,Cultpass ELITE,Credit Card,14615.97,Settled,292.32,2.5,14321.15,3,Clean: Settled
CFTXN101101,12-02-2026,Cult Whitefield,Cultpass ELITE,Credit Card,15564.3,Settled,311.29,2.5,15250.51,3,Clean: Settled
CFTXN101102,17-03-2026,Cult Indiranagar,Cultpass PRO,Debit Card,10063.79,Settled,100.64,1,9962.15,2,Clean: Settled
CFTXN101103,09-03-2026,Cult HSR Layout,Cultpass ELITE,Credit Card,12404.26,Settled,248.09,2.5,12153.67,3,Clean: Settled
CFTXN101104,05-01-2026,Cult HSR Layout,Cultpass ELITE,UPI,16989.24,Settled,0,0,16989.24,0,Clean: Settled
CFTXN101105,06-02-2026,Cult HSR Layout,Cultpass PLAY,Credit Card,6620.64,Settled,132.41,2.5,6485.73,3,Clean: Settled
CFTXN101106,13-03-2026,Cult Koramangala,Cultpass LIVE,UPI,4446.14,Failed,0,0,0,0,Leakage: Gateway Drop
CFTXN101107,31-01-2026,Cult Gurugram Cyberhub,Cultpass LIVE,Credit Card,4545.34,Settled,90.91,2.5,4451.93,3,Clean: Settled
CFTXN101108,09-01-2026,Cult HSR Layout,Cultpass PLAY,Credit Card,8502.15,Settled,170.04,2.5,8329.61,3,Clean: Settled
CFTXN101109,20-02-2026,Cult Whitefield,Cultpass LIVE,Credit Card,4157.96,Settled,83.16,2.5,4072.3,3,Clean: Settled
CFTXN101110,29-01-2026,Cult Indiranagar,Cultpass ELITE,Net Banking,12087.65,Failed,181.31,3,0,1,Leakage: Gateway Drop
CFTXN101111,19-03-2026,Cult Whitefield,Cultpass ELITE,Net Banking,14162.25,Settled,212.43,3,13946.82,1,Clean: Settled
CFTXN101112,09-02-2026,Cult Koramangala,Cultpass LIVE,Credit Card,4209.68,Settled,84.19,2.5,4122.99,3,Clean: Settled
CFTXN101113,10-02-2026,Cult Koramangala,Cultpass ELITE,UPI,14324.71,Settled,0,0,14324.71,0,Clean: Settled
CFTXN101114,27-03-2026,Cult Whitefield,Cultpass PRO,UPI,11022.18,Settled,0,0,11022.18,0,Clean: Settled
CFTXN101115,11-01-2026,Cult Gurugram Cyberhub,Cultpass ELITE,Cash,13852.81,Pending,0,0,0,0,At Risk: In-Transit Float
CFTXN101116,23-01-2026,Cult Koramangala,Cultpass ELITE,Debit Card,13761.21,Settled,137.61,1,13622.6,2,Clean: Settled
CFTXN101117,01-01-2026,Cult Koramangala,Cultpass PRO,UPI,8930.99,Settled,0,0,8930.99,0,Clean: Settled
CFTXN101118,15-02-2026,Cult Whitefield,Cultpass PRO,Credit Card,9164.73,Settled,183.29,2.5,8978.94,3,Clean: Settled
CFTXN101119,21-01-2026,Cult Koramangala,Cultpass PRO,Debit Card,9950.92,Settled,99.51,1,9850.41,2,Clean: Settled
CFTXN101120,31-03-2026,Cult Gurugram Cyberhub,Cultpass PRO,Cash,10474.55,Settled,0,0,10474.55,0,Clean: Settled
CFTXN101121,05-02-2026,Cult Gurugram Cyberhub,Cultpass ELITE,Debit Card,15975.41,Settled,159.75,1,15814.66,2,Clean: Settled
CFTXN101122,23-02-2026,Cult Gurugram Cyberhub,Cultpass ELITE,Credit Card,16846.31,Settled,336.93,2.5,16506.88,3,Clean: Settled
CFTXN101123,28-03-2026,Cult Indiranagar,Cultpass PLAY,Credit Card,9100.7,Settled,182.01,2.5,8916.19,3,Clean: Settled
CFTXN101124,26-02-2026,Cult Gurugram Cyberhub,Cultpass PRO,UPI,10856.28,Failed,0,0,0,0,Leakage: Gateway Drop
CFTXN101125,01-01-2026,Cult Gurugram Cyberhub,Cultpass ELITE,UPI,12113.67,Pending,0,0,0,0,At Risk: In-Transit Float
CFTXN101126,04-03-2026,Cult Indiranagar,Cultpass LIVE,Debit Card,4471.84,Settled,44.72,1,4426.12,2,Clean: Settled
CFTXN101127,23-02-2026,Cult HSR Layout,Cultpass ELITE,Cash,13250.4,Settled,0,0,13250.4,0,Clean: Settled
CFTXN101128,24-02-2026,Cult Koramangala,Cultpass PRO,Credit Card,8465.25,Settled,169.31,2.5,8293.44,3,Clean: Settled
CFTXN101129,09-02-2026,Cult Gurugram Cyberhub,Cultpass ELITE,Credit Card,15830.93,Settled,316.62,2.5,15511.81,3,Clean: Settled
CFTXN101130,15-01-2026,Cult Koramangala,Cultpass LIVE,Net Banking,3639.49,Settled,54.59,3,3581.9,1,Clean: Settled
CFTXN101131,21-01-2026,Cult Whitefield,Cultpass PRO,Credit Card,8199.91,Settled,164,2.5,8033.41,3,Clean: Settled
CFTXN101132,16-02-2026,Cult Koramangala,Cultpass ELITE,Credit Card,12825.78,Settled,256.52,2.5,12566.76,3,Clean: Settled
CFTXN101133,14-03-2026,Cult Indiranagar,Cultpass PLAY,Debit Card,6003.25,Pending,60.03,1,0,2,At Risk: In-Transit Float
CFTXN101134,22-02-2026,Cult Koramangala,Cultpass PRO,UPI,11161.28,Settled,0,0,11161.28,0,Clean: Settled
CFTXN101135,09-01-2026,Cult Koramangala,Cultpass ELITE,Credit Card,12147.71,Settled,242.95,2.5,11902.26,3,Clean: Settled
CFTXN101136,15-03-2026,Cult Koramangala,Cultpass ELITE,Net Banking,13256.73,Settled,198.85,3,13054.88,1,Clean: Settled
CFTXN101137,21-02-2026,Cult HSR Layout,Cultpass ELITE,UPI,14497.58,Failed,0,0,0,0,Leakage: Gateway Drop
CFTXN101138,26-02-2026,Cult HSR Layout,Cultpass ELITE,Credit Card,14139.43,Settled,282.79,2.5,13854.14,3,Clean: Settled
CFTXN101139,26-01-2026,Cult Whitefield,Cultpass PRO,UPI,11191.04,Pending,0,0,0,0,At Risk: In-Transit Float
CFTXN101140,10-02-2026,Cult Indiranagar,Cultpass LIVE,Debit Card,3080.58,Settled,30.81,1,3048.77,2,Clean: Settled
CFTXN101141,04-02-2026,Cult Koramangala,Cultpass PRO,Debit Card,9792.75,Settled,97.93,1,9693.82,2,Clean: Settled
CFTXN101142,04-03-2026,Cult Koramangala,Cultpass ELITE,UPI,16082.88,Settled,0,0,16082.88,0,Clean: Settled
CFTXN101143,25-01-2026,Cult Koramangala,Cultpass ELITE,Cash,17590.19,Settled,0,0,17590.19,0,Clean: Settled
CFTXN101144,31-03-2026,Cult Koramangala,Cultpass ELITE,Credit Card,15722.23,Pending,314.44,2.5,0,3,At Risk: In-Transit Float
CFTXN101145,16-03-2026,Cult HSR Layout,Cultpass PRO,Debit Card,10813.14,Settled,108.13,1,10704.01,2,Clean: Settled
CFTXN101146,07-02-2026,Cult Whitefield,Cultpass LIVE,Debit Card,3167.45,Settled,31.67,1,3134.78,2,Clean: Settled
CFTXN101147,02-01-2026,Cult Gurugram Cyberhub,Cultpass ELITE,Debit Card,14315.64,Settled,143.16,1,14171.48,2,Clean: Settled
CFTXN101148,07-01-2026,Cult Indiranagar,Cultpass LIVE,Debit Card,3747.89,Settled,37.48,1,3709.41,2,Clean: Settled
CFTXN101149,23-03-2026,Cult Koramangala,Cultpass PLAY,Credit Card,9102.01,Pending,182.04,2.5,0,3,At Risk: In-Transit Float
CFTXN101150,03-02-2026,Cult Whitefield,Cultpass PRO,UPI,8529.8,Settled,0,0,8529.8,0,Clean: Settled
CFTXN101151,17-01-2026,Cult Gurugram Cyberhub,Cultpass LIVE,Debit Card,3303.77,Settled,33.04,1,3269.73,2,Clean: Settled
CFTXN101152,12-02-2026,Cult Whitefield,Cultpass PRO,Credit Card,9149.95,Settled,183,2.5,8964.45,3,Clean: Settled
CFTXN101153,28-02-2026,Cult HSR Layout,Cultpass PRO,UPI,8190.63,Settled,0,0,8190.63,0,Clean: Settled
CFTXN101154,20-02-2026,Cult Gurugram Cyberhub,Cultpass PRO,UPI,8638.6,Settled,0,0,8638.6,0,Clean: Settled
CFTXN101155,23-02-2026,Cult Whitefield,Cultpass PRO,Debit Card,11378.23,Settled,113.78,1,11263.45,2,Clean: Settled
CFTXN101156,24-01-2026,Cult HSR Layout,Cultpass ELITE,Credit Card,14569.1,Pending,291.38,2.5,0,3,At Risk: In-Transit Float
CFTXN101157,25-01-2026,Cult Whitefield,Cultpass ELITE,UPI,15792.12,Settled,0,0,15792.12,0,Clean: Settled
CFTXN101158,12-03-2026,Cult Whitefield,Cultpass ELITE,Credit Card,16356.67,Settled,327.13,2.5,16027.04,3,Clean: Settled
CFTXN101159,21-02-2026,Cult Gurugram Cyberhub,Cultpass PRO,Credit Card,9284.36,Settled,185.69,2.5,9096.17,3,Clean: Settled
CFTXN101160,11-03-2026,Cult HSR Layout,Cultpass ELITE,UPI,12883.36,Settled,0,0,12883.36,0,Clean: Settled
CFTXN101161,29-03-2026,Cult Koramangala,Cultpass PLAY,Credit Card,6723.03,Settled,134.46,2.5,6586.07,3,Clean: Settled
CFTXN101162,02-02-2026,Cult Indiranagar,Cultpass LIVE,Credit Card,3626.53,Settled,72.53,2.5,3551.5,3,Clean: Settled
CFTXN101163,18-02-2026,Cult Gurugram Cyberhub,Cultpass PRO,Credit Card,10226.24,Pending,204.52,2.5,0,3,At Risk: In-Transit Float
CFTXN101164,29-01-2026,Cult HSR Layout,Cultpass ELITE,Credit Card,14389.68,Settled,287.79,2.5,14099.39,3,Clean: Settled
CFTXN101165,04-03-2026,Cult Whitefield,Cultpass PLAY,Credit Card,6023.85,Pending,120.48,2.5,0,3,At Risk: In-Transit Float
CFTXN101166,22-01-2026,Cult HSR Layout,Cultpass LIVE,Cash,4046.81,Settled,0,0,4046.81,0,Clean: Settled
CFTXN101167,26-01-2026,Cult Indiranagar,Cultpass LIVE,Credit Card,4843.03,Failed,96.86,2.5,0,3,Leakage: Gateway Drop
CFTXN101168,28-01-2026,Cult Indiranagar,Cultpass ELITE,Credit Card,16872.47,Settled,337.45,2.5,16532.52,3,Clean: Settled
CFTXN101169,26-03-2026,Cult Koramangala,Cultpass PRO,Credit Card,10888.24,Failed,217.76,2.5,0,3,Leakage: Gateway Drop
CFTXN101170,18-02-2026,Cult Koramangala,Cultpass ELITE,Net Banking,16770.35,Settled,251.56,3,16515.79,1,Clean: Settled
CFTXN101171,12-03-2026,Cult Indiranagar,Cultpass ELITE,Debit Card,13942.38,Settled,139.42,1,13801.96,2,Clean: Settled
CFTXN101172,22-03-2026,Cult Gurugram Cyberhub,Cultpass LIVE,Debit Card,4530.39,Settled,45.3,1,4484.09,2,Clean: Settled
CFTXN101173,25-03-2026,Cult Gurugram Cyberhub,Cultpass LIVE,Net Banking,3286.32,Settled,49.29,3,3234.03,1,Clean: Settled
CFTXN101174,18-02-2026,Cult Whitefield,Cultpass PRO,Debit Card,10302.01,Pending,103.02,1,0,2,At Risk: In-Transit Float
CFTXN101175,20-01-2026,Cult Koramangala,Cultpass PLAY,Credit Card,8245.49,Settled,164.91,2.5,8078.08,3,Clean: Settled
CFTXN101176,27-03-2026,Cult Whitefield,Cultpass PRO,Credit Card,8089.49,Settled,161.79,2.5,7925.2,3,Clean: Settled
CFTXN101177,04-03-2026,Cult Koramangala,Cultpass PRO,Debit Card,10757.9,Settled,107.58,1,10649.32,2,Clean: Settled
CFTXN101178,02-03-2026,Cult Indiranagar,Cultpass ELITE,Credit Card,17419.49,Failed,348.39,2.5,0,3,Leakage: Gateway Drop
CFTXN101179,18-02-2026,Cult Gurugram Cyberhub,Cultpass PLAY,UPI,6935.95,Settled,0,0,6935.95,0,Clean: Settled
CFTXN101180,12-03-2026,Cult Gurugram Cyberhub,Cultpass ELITE,Credit Card,16874.34,Failed,337.49,2.5,0,3,Leakage: Gateway Drop
CFTXN101181,01-01-2026,Cult Indiranagar,Cultpass PLAY,UPI,6288.42,Settled,0,0,6288.42,0,Clean: Settled
CFTXN101182,13-01-2026,Cult Whitefield,Cultpass LIVE,Credit Card,4199.94,Settled,84,2.5,4113.44,3,Clean: Settled
CFTXN101183,28-03-2026,Cult Whitefield,Cultpass ELITE,Credit Card,14913.88,Failed,298.28,2.5,0,3,Leakage: Gateway Drop
CFTXN101184,20-02-2026,Cult HSR Layout,Cultpass PRO,Debit Card,9910.73,Settled,99.11,1,9810.62,2,Clean: Settled
CFTXN101185,25-02-2026,Cult Koramangala,Cultpass PLAY,Net Banking,9241.72,Settled,138.63,3,9100.09,1,Clean: Settled
CFTXN101186,24-03-2026,Cult Whitefield,Cultpass PRO,Debit Card,11049.6,Settled,110.5,1,10938.1,2,Clean: Settled
CFTXN101187,03-03-2026,Cult Indiranagar,Cultpass PLAY,UPI,8747.79,Settled,0,0,8747.79,0,Clean: Settled
CFTXN101188,01-02-2026,Cult Whitefield,Cultpass PLAY,Credit Card,6957.94,Settled,139.16,2.5,6816.28,3,Clean: Settled
CFTXN101189,30-01-2026,Cult Gurugram Cyberhub,Cultpass PRO,Credit Card,11191.37,Settled,223.83,2.5,10965.04,3,Clean: Settled
CFTXN101190,29-01-2026,Cult Koramangala,Cultpass ELITE,Credit Card,12585.05,Pending,251.7,2.5,0,3,At Risk: In-Transit Float
CFTXN101191,18-02-2026,Cult HSR Layout,Cultpass PLAY,Credit Card,8986.65,Settled,179.73,2.5,8804.42,3,Clean: Settled
CFTXN101192,14-02-2026,Cult Koramangala,Cultpass PRO,Credit Card,9148.56,Settled,182.97,2.5,8963.09,3,Clean: Settled
CFTXN101193,30-01-2026,Cult Gurugram Cyberhub,Cultpass ELITE,Credit Card,12322.63,Settled,246.45,2.5,12073.68,3,Clean: Settled
CFTXN101194,16-01-2026,Cult Gurugram Cyberhub,Cultpass ELITE,UPI,16016.14,Settled,0,0,16016.14,0,Clean: Settled
CFTXN101195,09-02-2026,Cult Gurugram Cyberhub,Cultpass PRO,Credit Card,8809.48,Settled,176.19,2.5,8630.79,3,Clean: Settled
CFTXN101196,19-01-2026,Cult Gurugram Cyberhub,Cultpass PLAY,UPI,6852.5,Failed,0,0,0,0,Leakage: Gateway Drop
CFTXN101197,18-01-2026,Cult Indiranagar,Cultpass LIVE,Debit Card,3612.09,Settled,36.12,1,3574.97,2,Clean: Settled
CFTXN101198,01-01-2026,Cult HSR Layout,Cultpass PRO,Debit Card,8222.9,Settled,82.23,1,8139.67,2,Clean: Settled
CFTXN101199,19-03-2026,Cult Gurugram Cyberhub,Cultpass ELITE,UPI,13062.76,Settled,0,0,13062.76,0,Clean: Settled
CFTXN101200,16-02-2026,Cult Gurugram Cyberhub,Cultpass ELITE,Credit Card,12030.84,Pending,240.62,2.5,0,3,At Risk: In-Transit Float
CFTXN101201,07-03-2026,Cult Whitefield,Cultpass PLAY,Credit Card,7558.93,Settled,151.18,2.5,7405.25,3,Clean: Settled
CFTXN101202,07-02-2026,Cult HSR Layout,Cultpass ELITE,UPI,12505.53,Settled,0,0,12505.53,0,Clean: Settled
CFTXN101203,20-02-2026,Cult Koramangala,Cultpass ELITE,Net Banking,16095.92,Settled,241.44,3,15851.48,1,Clean: Settled
CFTXN101204,04-03-2026,Cult HSR Layout,Cultpass ELITE,Credit Card,13413.74,Settled,268.27,2.5,13142.97,3,Clean: Settled
CFTXN101205,04-01-2026,Cult HSR Layout,Cultpass PRO,Credit Card,11302.51,Settled,226.05,2.5,11073.96,3,Clean: Settled
CFTXN101206,01-01-2026,Cult HSR Layout,Cultpass PLAY,Net Banking,9049.38,Settled,135.74,3,8910.64,1,Clean: Settled
CFTXN101207,08-01-2026,Cult Gurugram Cyberhub,Cultpass ELITE,Credit Card,13736.65,Settled,274.73,2.5,13459.42,3,Clean: Settled
CFTXN101208,29-01-2026,Cult Gurugram Cyberhub,Cultpass PRO,UPI,10741.25,Pending,0,0,0,0,At Risk: In-Transit Float
CFTXN101209,24-02-2026,Cult Indiranagar,Cultpass PRO,Debit Card,10811.36,Settled,108.11,1,10702.25,2,Clean: Settled
CFTXN101210,03-01-2026,Cult Koramangala,Cultpass PLAY,Credit Card,9452.97,Pending,189.06,2.5,0,3,At Risk: In-Transit Float
CFTXN101211,01-02-2026,Cult Whitefield,Cultpass ELITE,UPI,15587.04,Failed,0,0,0,0,Leakage: Gateway Drop
CFTXN101212,10-01-2026,Cult HSR Layout,Cultpass PRO,Debit Card,8286.88,Failed,82.87,1,0,2,Leakage: Gateway Drop
CFTXN101213,15-03-2026,Cult Koramangala,Cultpass ELITE,Credit Card,15881.02,Settled,317.62,2.5,15560.9,3,Clean: Settled
CFTXN101214,24-03-2026,Cult Koramangala,Cultpass PLAY,Debit Card,8187.43,Pending,81.87,1,0,2,At Risk: In-Transit Float
CFTXN101215,03-02-2026,Cult Indiranagar,Cultpass PRO,UPI,10234.23,Settled,0,0,10234.23,0,Clean: Settled
CFTXN101216,28-03-2026,Cult Whitefield,Cultpass ELITE,UPI,13842.87,Settled,0,0,13842.87,0,Clean: Settled
CFTXN101217,24-02-2026,Cult HSR Layout,Cultpass PRO,Credit Card,11008.88,Settled,220.18,2.5,10786.2,3,Clean: Settled
CFTXN101218,01-02-2026,Cult Whitefield,Cultpass LIVE,Debit Card,4918.94,Settled,49.19,1,4868.75,2,Clean: Settled
CFTXN101219,19-02-2026,Cult Indiranagar,Cultpass ELITE,UPI,13306.28,Settled,0,0,13306.28,0,Clean: Settled
CFTXN101220,07-01-2026,Cult Gurugram Cyberhub,Cultpass PLAY,UPI,6308.53,Settled,0,0,6308.53,0,Clean: Settled
CFTXN101221,08-01-2026,Cult Koramangala,Cultpass ELITE,UPI,13167.21,Settled,0,0,13167.21,0,Clean: Settled
CFTXN101222,06-03-2026,Cult HSR Layout,Cultpass PRO,Credit Card,10871.93,Settled,217.44,2.5,10651.99,3,Clean: Settled
CFTXN101223,26-02-2026,Cult Gurugram Cyberhub,Cultpass PRO,UPI,10368.26,Settled,0,0,10368.26,0,Clean: Settled
CFTXN101224,08-03-2026,Cult Indiranagar,Cultpass LIVE,UPI,4272.09,Settled,0,0,4272.09,0,Clean: Settled
CFTXN101225,29-03-2026,Cult Whitefield,Cultpass ELITE,Credit Card,14410.76,Pending,288.22,2.5,0,3,At Risk: In-Transit Float
CFTXN101226,28-03-2026,Cult Koramangala,Cultpass PLAY,Debit Card,8022.4,Settled,80.22,1,7941.18,2,Clean: Settled
CFTXN101227,28-02-2026,Cult HSR Layout,Cultpass LIVE,Credit Card,3615.75,Failed,72.32,2.5,0,3,Leakage: Gateway Drop
CFTXN101228,13-03-2026,Cult Gurugram Cyberhub,Cultpass PRO,UPI,9670.2,Pending,0,0,0,0,At Risk: In-Transit Float
CFTXN101229,23-02-2026,Cult Gurugram Cyberhub,Cultpass LIVE,Credit Card,4586.13,Settled,91.72,2.5,4491.91,3,Clean: Settled
CFTXN101230,08-03-2026,Cult Koramangala,Cultpass LIVE,UPI,4962.48,Failed,0,0,0,0,Leakage: Gateway Drop
CFTXN101231,20-02-2026,Cult Whitefield,Cultpass ELITE,Net Banking,17594.93,Pending,263.92,3,0,1,At Risk: In-Transit Float
CFTXN101232,08-01-2026,Cult Indiranagar,Cultpass ELITE,UPI,17603.2,Settled,0,0,17603.2,0,Clean: Settled
CFTXN101233,03-02-2026,Cult Whitefield,Cultpass PLAY,Net Banking,7407.78,Settled,111.12,3,7293.66,1,Clean: Settled
CFTXN101234,04-02-2026,Cult Whitefield,Cultpass ELITE,Cash,14812.74,Failed,0,0,0,0,Leakage: Gateway Drop
CFTXN101235,29-03-2026,Cult Whitefield,Cultpass LIVE,Credit Card,4411.27,Settled,88.23,2.5,4320.54,3,Clean: Settled
CFTXN101236,19-03-2026,Cult Koramangala,Cultpass PLAY,UPI,9227.67,Settled,0,0,9227.67,0,Clean: Settled
CFTXN101237,01-02-2026,Cult Koramangala,Cultpass ELITE,Debit Card,12851.97,Failed,128.52,1,0,2,Leakage: Gateway Drop
CFTXN101238,15-02-2026,Cult Indiranagar,Cultpass PRO,Net Banking,9064.85,Settled,135.97,3,8925.88,1,Clean: Settled
CFTXN101239,16-01-2026,Cult Whitefield,Cultpass PRO,Credit Card,8487.36,Settled,169.75,2.5,8315.11,3,Clean: Settled
CFTXN101240,09-03-2026,Cult Koramangala,Cultpass PRO,Cash,10142.03,Pending,0,0,0,0,At Risk: In-Transit Float
CFTXN101241,06-02-2026,Cult Indiranagar,Cultpass ELITE,UPI,13837.81,Settled,0,0,13837.81,0,Clean: Settled
CFTXN101242,23-02-2026,Cult Indiranagar,Cultpass ELITE,UPI,13956.65,Settled,0,0,13956.65,0,Clean: Settled
CFTXN101243,26-03-2026,Cult Whitefield,Cultpass PRO,Credit Card,8248.21,Settled,164.96,2.5,8080.75,3,Clean: Settled
CFTXN101244,14-01-2026,Cult HSR Layout,Cultpass LIVE,Credit Card,3699.59,Pending,73.99,2.5,0,3,At Risk: In-Transit Float
CFTXN101245,24-02-2026,Cult Whitefield,Cultpass LIVE,UPI,4724.99,Settled,0,0,4724.99,0,Clean: Settled
CFTXN101246,17-02-2026,Cult HSR Layout,Cultpass PRO,Credit Card,8815.75,Settled,176.32,2.5,8636.93,3,Clean: Settled
CFTXN101247,23-03-2026,Cult Indiranagar,Cultpass ELITE,UPI,16171.12,Settled,0,0,16171.12,0,Clean: Settled
CFTXN101248,07-01-2026,Cult Koramangala,Cultpass PRO,Credit Card,10203.7,Settled,204.07,2.5,9997.13,3,Clean: Settled
CFTXN101249,15-03-2026,Cult Gurugram Cyberhub,Cultpass ELITE,UPI,17180.91,Settled,0,0,17180.91,0,Clean: Settled
CFTXN101250,07-01-2026,Cult Indiranagar,Cultpass PLAY,Debit Card,6463.01,Settled,64.63,1,6397.38,2,Clean: Settled
CFTXN101251,02-02-2026,Cult Koramangala,Cultpass LIVE,UPI,4955.18,Settled,0,0,4955.18,0,Clean: Settled
CFTXN101252,23-01-2026,Cult Indiranagar,Cultpass LIVE,UPI,4165.26,Failed,0,0,0,0,Leakage: Gateway Drop
CFTXN101253,26-03-2026,Cult Whitefield,Cultpass PLAY,Credit Card,9484.16,Settled,189.68,2.5,9291.98,3,Clean: Settled
CFTXN101254,19-01-2026,Cult HSR Layout,Cultpass ELITE,Credit Card,17469.09,Pending,349.38,2.5,0,3,At Risk: In-Transit Float
CFTXN101255,19-01-2026,Cult Indiranagar,Cultpass LIVE,Credit Card,3443.03,Settled,68.86,2.5,3371.67,3,Clean: Settled
CFTXN101256,05-02-2026,Cult Koramangala,Cultpass ELITE,UPI,12336.97,Failed,0,0,0,0,Leakage: Gateway Drop
CFTXN101257,29-01-2026,Cult Whitefield,Cultpass PLAY,Debit Card,6894.74,Failed,68.95,1,0,2,Leakage: Gateway Drop
CFTXN101258,01-03-2026,Cult Gurugram Cyberhub,Cultpass ELITE,UPI,15165.38,Pending,0,0,0,0,At Risk: In-Transit Float
CFTXN101259,23-03-2026,Cult Whitefield,Cultpass LIVE,Debit Card,3343.19,Failed,33.43,1,0,2,Leakage: Gateway Drop
CFTXN101260,02-01-2026,Cult HSR Layout,Cultpass PLAY,Debit Card,6586.11,Settled,65.86,1,6519.25,2,Clean: Settled
CFTXN101261,01-01-2026,Cult Whitefield,Cultpass ELITE,Debit Card,14775.56,Pending,147.76,1,0,2,At Risk: In-Transit Float
CFTXN101262,16-02-2026,Cult Gurugram Cyberhub,Cultpass ELITE,Credit Card,12199.61,Failed,243.99,2.5,0,3,Leakage: Gateway Drop
CFTXN101263,10-03-2026,Cult Koramangala,Cultpass LIVE,Credit Card,3243.78,Pending,64.88,2.5,0,3,At Risk: In-Transit Float
CFTXN101264,20-01-2026,Cult Indiranagar,Cultpass PRO,Cash,9455.51,Pending,0,0,0,0,At Risk: In-Transit Float
CFTXN101265,11-01-2026,Cult HSR Layout,Cultpass ELITE,Net Banking,12378.78,Settled,185.68,3,12190.1,1,Clean: Settled
CFTXN101266,02-01-2026,Cult Gurugram Cyberhub,Cultpass ELITE,Credit Card,14380.53,Settled,287.61,2.5,14090.42,3,Clean: Settled
CFTXN101267,08-03-2026,Cult HSR Layout,Cultpass ELITE,UPI,14844.04,Settled,0,0,14844.04,0,Clean: Settled
CFTXN101268,28-03-2026,Cult Whitefield,Cultpass PLAY,UPI,7579.43,Failed,0,0,0,0,Leakage: Gateway Drop
CFTXN101269,12-01-2026,Cult HSR Layout,Cultpass PRO,Debit Card,11042.11,Settled,110.42,1,10930.69,2,Clean: Settled
CFTXN101270,20-01-2026,Cult Gurugram Cyberhub,Cultpass ELITE,Credit Card,15180.37,Settled,303.61,2.5,14874.26,3,Clean: Settled
CFTXN101271,05-01-2026,Cult Indiranagar,Cultpass ELITE,Credit Card,14807.88,Failed,296.16,2.5,0,3,Leakage: Gateway Drop
CFTXN101272,06-02-2026,Cult Indiranagar,Cultpass ELITE,Debit Card,14464.26,Settled,144.64,1,14318.62,2,Clean: Settled
CFTXN101273,07-02-2026,Cult HSR Layout,Cultpass ELITE,Cash,16905.74,Pending,0,0,0,0,At Risk: In-Transit Float
CFTXN101274,09-01-2026,Cult Koramangala,Cultpass PRO,UPI,11132.7,Failed,0,0,0,0,Leakage: Gateway Drop
CFTXN101275,22-02-2026,Cult HSR Layout,Cultpass ELITE,Credit Card,17119.45,Pending,342.39,2.5,0,3,At Risk: In-Transit Float
CFTXN101276,13-02-2026,Cult Whitefield,Cultpass ELITE,Credit Card,16041.28,Pending,320.83,2.5,0,3,At Risk: In-Transit Float
CFTXN101277,27-03-2026,Cult Indiranagar,Cultpass LIVE,UPI,3274.72,Pending,0,0,0,0,At Risk: In-Transit Float
CFTXN101278,24-01-2026,Cult Indiranagar,Cultpass ELITE,UPI,13661.22,Settled,0,0,13661.22,0,Clean: Settled
CFTXN101279,22-03-2026,Cult Indiranagar,Cultpass PRO,UPI,8161.22,Settled,0,0,8161.22,0,Clean: Settled
CFTXN101280,15-03-2026,Cult Koramangala,Cultpass PRO,UPI,11257.88,Settled,0,0,11257.88,0,Clean: Settled
CFTXN101281,30-01-2026,Cult Koramangala,Cultpass PRO,Credit Card,10312.79,Settled,206.26,2.5,10104.03,3,Clean: Settled
CFTXN101282,28-02-2026,Cult Gurugram Cyberhub,Cultpass PRO,UPI,10612.27,Settled,0,0,10612.27,0,Clean: Settled
CFTXN101283,28-03-2026,Cult HSR Layout,Cultpass PRO,UPI,9090.5,Settled,0,0,9090.5,0,Clean: Settled
CFTXN101284,22-03-2026,Cult HSR Layout,Cultpass PLAY,Credit Card,8959.79,Failed,179.2,2.5,0,3,Leakage: Gateway Drop
CFTXN101285,22-03-2026,Cult Whitefield,Cultpass PRO,UPI,8908.61,Failed,0,0,0,0,Leakage: Gateway Drop
CFTXN101286,14-01-2026,Cult Indiranagar,Cultpass PRO,Credit Card,8005.75,Settled,160.12,2.5,7843.13,3,Clean: Settled
CFTXN101287,09-01-2026,Cult Koramangala,Cultpass LIVE,Credit Card,3752.83,Settled,75.06,2.5,3675.27,3,Clean: Settled
CFTXN101288,09-02-2026,Cult Whitefield,Cultpass PRO,Credit Card,9997.67,Pending,199.95,2.5,0,3,At Risk: In-Transit Float
CFTXN101289,07-03-2026,Cult Whitefield,Cultpass ELITE,Credit Card,14872.23,Settled,297.44,2.5,14572.29,3,Clean: Settled
CFTXN101290,25-01-2026,Cult Koramangala,Cultpass ELITE,Credit Card,17172.46,Settled,343.45,2.5,16826.51,3,Clean: Settled
CFTXN101291,14-03-2026,Cult HSR Layout,Cultpass ELITE,Debit Card,12632.43,Settled,126.32,1,12505.11,2,Clean: Settled
CFTXN101292,22-01-2026,Cult Indiranagar,Cultpass PLAY,Debit Card,7938.38,Settled,79.38,1,7858,2,Clean: Settled
CFTXN101293,04-01-2026,Cult HSR Layout,Cultpass LIVE,Debit Card,4025.96,Settled,40.26,1,3984.7,2,Clean: Settled
CFTXN101294,26-01-2026,Cult Whitefield,Cultpass PLAY,Credit Card,6984.88,Settled,139.7,2.5,6842.68,3,Clean: Settled
CFTXN101295,27-02-2026,Cult Indiranagar,Cultpass PRO,Credit Card,10877.8,Failed,217.56,2.5,0,3,Leakage: Gateway Drop
CFTXN101296,29-01-2026,Cult Gurugram Cyberhub,Cultpass PRO,UPI,10634.97,Settled,0,0,10634.97,0,Clean: Settled
CFTXN101297,28-03-2026,Cult Whitefield,Cultpass ELITE,Debit Card,16397.16,Settled,163.97,1,16232.19,2,Clean: Settled
CFTXN101298,06-02-2026,Cult HSR Layout,Cultpass PRO,Credit Card,11066.67,Failed,221.33,2.5,0,3,Leakage: Gateway Drop
CFTXN101299,16-03-2026,Cult HSR Layout,Cultpass PRO,Net Banking,10529.75,Failed,157.95,3,0,1,Leakage: Gateway Drop
CFTXN101300,11-03-2026,Cult HSR Layout,Cultpass PLAY,UPI,6811.44,Pending,0,0,0,0,At Risk: In-Transit Float
CFTXN101301,18-01-2026,Cult Koramangala,Cultpass ELITE,Net Banking,16233.38,Settled,243.5,3,15986.88,1,Clean: Settled
CFTXN101302,26-03-2026,Cult Whitefield,Cultpass PRO,Debit Card,9076.96,Pending,90.77,1,0,2,At Risk: In-Transit Float
CFTXN101303,11-02-2026,Cult Indiranagar,Cultpass PRO,Credit Card,8847.61,Settled,176.95,2.5,8668.16,3,Clean: Settled
CFTXN101304,10-02-2026,Cult HSR Layout,Cultpass PRO,UPI,8255.51,Settled,0,0,8255.51,0,Clean: Settled
CFTXN101305,07-02-2026,Cult HSR Layout,Cultpass PRO,Credit Card,10604.1,Pending,212.08,2.5,0,3,At Risk: In-Transit Float
CFTXN101306,03-02-2026,Cult Koramangala,Cultpass LIVE,Debit Card,4422,Settled,44.22,1,4376.78,2,Clean: Settled
CFTXN101307,17-01-2026,Cult Indiranagar,Cultpass ELITE,Credit Card,13407,Failed,268.14,2.5,0,3,Leakage: Gateway Drop
CFTXN101308,06-02-2026,Cult Whitefield,Cultpass LIVE,UPI,4498.76,Settled,0,0,4498.76,0,Clean: Settled
CFTXN101309,25-01-2026,Cult Gurugram Cyberhub,Cultpass PRO,Credit Card,11212.44,Settled,224.25,2.5,10985.69,3,Clean: Settled
CFTXN101310,17-03-2026,Cult Koramangala,Cultpass PLAY,Net Banking,6378.1,Settled,95.67,3,6279.43,1,Clean: Settled
CFTXN101311,28-03-2026,Cult Whitefield,Cultpass LIVE,Net Banking,3465.27,Settled,51.98,3,3410.29,1,Clean: Settled
CFTXN101312,27-03-2026,Cult Gurugram Cyberhub,Cultpass ELITE,Debit Card,16501.56,Settled,165.02,1,16335.54,2,Clean: Settled
CFTXN101313,26-03-2026,Cult HSR Layout,Cultpass ELITE,UPI,13647.04,Pending,0,0,0,0,At Risk: In-Transit Float
CFTXN101314,27-01-2026,Cult HSR Layout,Cultpass PLAY,UPI,8186.32,Settled,0,0,8186.32,0,Clean: Settled
CFTXN101315,26-02-2026,Cult Indiranagar,Cultpass PRO,UPI,8284.07,Pending,0,0,0,0,At Risk: In-Transit Float
CFTXN101316,31-01-2026,Cult Gurugram Cyberhub,Cultpass PLAY,Debit Card,7582.71,Settled,75.83,1,7505.88,2,Clean: Settled
CFTXN101317,06-01-2026,Cult HSR Layout,Cultpass ELITE,UPI,16434.55,Settled,0,0,16434.55,0,Clean: Settled
CFTXN101318,09-02-2026,Cult HSR Layout,Cultpass PRO,Debit Card,10402.8,Settled,104.03,1,10297.77,2,Clean: Settled
CFTXN101319,12-01-2026,Cult Indiranagar,Cultpass LIVE,Net Banking,4630.14,Settled,69.45,3,4557.69,1,Clean: Settled
CFTXN101320,22-02-2026,Cult Whitefield,Cultpass PLAY,Debit Card,9071.08,Pending,90.71,1,0,2,At Risk: In-Transit Float
CFTXN101321,12-03-2026,Cult HSR Layout,Cultpass ELITE,Debit Card,16639.1,Pending,166.39,1,0,2,At Risk: In-Transit Float
CFTXN101322,10-01-2026,Cult Koramangala,Cultpass LIVE,UPI,4343.18,Settled,0,0,4343.18,0,Clean: Settled
CFTXN101323,14-02-2026,Cult Koramangala,Cultpass PRO,UPI,8111.03,Settled,0,0,8111.03,0,Clean: Settled
CFTXN101324,17-01-2026,Cult Whitefield,Cultpass ELITE,UPI,15209.8,Failed,0,0,0,0,Leakage: Gateway Drop
CFTXN101325,26-01-2026,Cult Gurugram Cyberhub,Cultpass PRO,Credit Card,8131.94,Settled,162.64,2.5,7966.8,3,Clean: Settled
CFTXN101326,26-03-2026,Cult Indiranagar,Cultpass PRO,Debit Card,10828.24,Settled,108.28,1,10718.96,2,Clean: Settled
CFTXN101327,03-03-2026,Cult Koramangala,Cultpass PLAY,Cash,7122.54,Pending,0,0,0,0,At Risk: In-Transit Float
CFTXN101328,15-02-2026,Cult Koramangala,Cultpass PRO,UPI,9968.5,Settled,0,0,9968.5,0,Clean: Settled
CFTXN101329,05-03-2026,Cult Whitefield,Cultpass ELITE,UPI,13676.67,Settled,0,0,13676.67,0,Clean: Settled
CFTXN101330,02-01-2026,Cult Gurugram Cyberhub,Cultpass ELITE,Credit Card,16695,Failed,333.9,2.5,0,3,Leakage: Gateway Drop
CFTXN101331,23-02-2026,Cult Gurugram Cyberhub,Cultpass PRO,Debit Card,11102.76,Settled,111.03,1,10990.73,2,Clean: Settled
CFTXN101332,06-03-2026,Cult Whitefield,Cultpass ELITE,UPI,14391.85,Settled,0,0,14391.85,0,Clean: Settled
CFTXN101333,20-02-2026,Cult Koramangala,Cultpass LIVE,UPI,4725.84,Settled,0,0,4725.84,0,Clean: Settled
CFTXN101334,22-02-2026,Cult Indiranagar,Cultpass ELITE,Credit Card,13602.45,Failed,272.05,2.5,0,3,Leakage: Gateway Drop
CFTXN101335,05-02-2026,Cult Koramangala,Cultpass PLAY,Net Banking,7871.31,Settled,118.07,3,7750.24,1,Clean: Settled
CFTXN101336,26-01-2026,Cult Gurugram Cyberhub,Cultpass PLAY,Debit Card,9005.67,Failed,90.06,1,0,2,Leakage: Gateway Drop
CFTXN101337,29-01-2026,Cult Koramangala,Cultpass PRO,Credit Card,9140.58,Settled,182.81,2.5,8955.27,3,Clean: Settled
CFTXN101338,21-01-2026,Cult Indiranagar,Cultpass PLAY,Credit Card,9339.15,Settled,186.78,2.5,9149.87,3,Clean: Settled
CFTXN101339,11-01-2026,Cult HSR Layout,Cultpass LIVE,Credit Card,3243.76,Failed,64.88,2.5,0,3,Leakage: Gateway Drop
CFTXN101340,09-02-2026,Cult Koramangala,Cultpass PRO,Debit Card,8063.96,Settled,80.64,1,7982.32,2,Clean: Settled
CFTXN101341,11-01-2026,Cult Whitefield,Cultpass ELITE,Credit Card,17424.81,Failed,348.5,2.5,0,3,Leakage: Gateway Drop
CFTXN101342,05-02-2026,Cult HSR Layout,Cultpass PRO,Credit Card,8240.27,Settled,164.81,2.5,8072.96,3,Clean: Settled
CFTXN101343,28-02-2026,Cult Whitefield,Cultpass PRO,UPI,11471.61,Settled,0,0,11471.61,0,Clean: Settled
CFTXN101344,08-02-2026,Cult Whitefield,Cultpass PLAY,Credit Card,9329.89,Settled,186.6,2.5,9140.79,3,Clean: Settled
CFTXN101345,23-02-2026,Cult Whitefield,Cultpass PRO,Credit Card,8479.57,Failed,169.59,2.5,0,3,Leakage: Gateway Drop
CFTXN101346,24-02-2026,Cult Koramangala,Cultpass PLAY,Debit Card,7881.55,Failed,78.82,1,0,2,Leakage: Gateway Drop
CFTXN101347,24-01-2026,Cult Gurugram Cyberhub,Cultpass PRO,Debit Card,8647.22,Settled,86.47,1,8559.75,2,Clean: Settled
CFTXN101348,22-01-2026,Cult HSR Layout,Cultpass ELITE,UPI,14568.93,Settled,0,0,14568.93,0,Clean: Settled
CFTXN101349,10-03-2026,Cult Indiranagar,Cultpass PLAY,Debit Card,6214.99,Settled,62.15,1,6151.84,2,Clean: Settled
CFTXN101350,25-02-2026,Cult Gurugram Cyberhub,Cultpass PRO,UPI,8783.74,Settled,0,0,8783.74,0,Clean: Settled
CFTXN101351,02-02-2026,Cult Koramangala,Cultpass ELITE,UPI,14179.64,Settled,0,0,14179.64,0,Clean: Settled
CFTXN101352,05-02-2026,Cult Whitefield,Cultpass PRO,Credit Card,9535.27,Pending,190.71,2.5,0,3,At Risk: In-Transit Float
CFTXN101353,20-01-2026,Cult Indiranagar,Cultpass ELITE,Credit Card,17864.98,Pending,357.3,2.5,0,3,At Risk: In-Transit Float
CFTXN101354,24-03-2026,Cult HSR Layout,Cultpass PRO,Debit Card,10827.53,Settled,108.28,1,10718.25,2,Clean: Settled
CFTXN101355,22-03-2026,Cult Gurugram Cyberhub,Cultpass PRO,Debit Card,10580.93,Settled,105.81,1,10474.12,2,Clean: Settled
CFTXN101356,03-03-2026,Cult Gurugram Cyberhub,Cultpass PRO,UPI,9879.64,Pending,0,0,0,0,At Risk: In-Transit Float
CFTXN101357,14-03-2026,Cult Indiranagar,Cultpass PLAY,UPI,8939.99,Settled,0,0,8939.99,0,Clean: Settled
CFTXN101358,26-01-2026,Cult Koramangala,Cultpass PRO,Debit Card,9187.63,Settled,91.88,1,9094.75,2,Clean: Settled
CFTXN101359,07-03-2026,Cult HSR Layout,Cultpass ELITE,Credit Card,16253.39,Settled,325.07,2.5,15925.82,3,Clean: Settled
CFTXN101360,14-03-2026,Cult Indiranagar,Cultpass PRO,Credit Card,11478.24,Settled,229.56,2.5,11246.18,3,Clean: Settled
CFTXN101361,14-03-2026,Cult Whitefield,Cultpass PLAY,UPI,7101.2,Settled,0,0,7101.2,0,Clean: Settled
CFTXN101362,09-02-2026,Cult HSR Layout,Cultpass ELITE,Debit Card,16044.11,Settled,160.44,1,15882.67,2,Clean: Settled
CFTXN101363,17-01-2026,Cult Gurugram Cyberhub,Cultpass ELITE,Debit Card,17065.89,Settled,170.66,1,16894.23,2,Clean: Settled
CFTXN101364,01-01-2026,Cult Indiranagar,Cultpass ELITE,Credit Card,17494.85,Settled,349.9,2.5,17142.45,3,Clean: Settled
CFTXN101365,30-03-2026,Cult Gurugram Cyberhub,Cultpass ELITE,UPI,16307.6,Settled,0,0,16307.6,0,Clean: Settled
CFTXN101366,02-03-2026,Cult Gurugram Cyberhub,Cultpass LIVE,Net Banking,3567.22,Settled,53.51,3,3510.71,1,Clean: Settled
CFTXN101367,12-02-2026,Cult Gurugram Cyberhub,Cultpass LIVE,Credit Card,3652.56,Settled,73.05,2.5,3577.01,3,Clean: Settled
CFTXN101368,11-02-2026,Cult Koramangala,Cultpass ELITE,Debit Card,12124.55,Settled,121.25,1,12002.3,2,Clean: Settled
CFTXN101369,25-01-2026,Cult Gurugram Cyberhub,Cultpass PRO,Cash,10663.1,Settled,0,0,10663.1,0,Clean: Settled
CFTXN101370,08-02-2026,Cult Whitefield,Cultpass ELITE,Credit Card,12256.44,Settled,245.13,2.5,12008.81,3,Clean: Settled
CFTXN101371,04-02-2026,Cult Whitefield,Cultpass PLAY,UPI,9026.28,Settled,0,0,9026.28,0,Clean: Settled
CFTXN101372,03-01-2026,Cult HSR Layout,Cultpass PLAY,Credit Card,6415.31,Failed,128.31,2.5,0,3,Leakage: Gateway Drop
CFTXN101373,13-02-2026,Cult Gurugram Cyberhub,Cultpass ELITE,UPI,13031.26,Settled,0,0,13031.26,0,Clean: Settled
CFTXN101374,20-02-2026,Cult Gurugram Cyberhub,Cultpass PLAY,Credit Card,7667.84,Pending,153.36,2.5,0,3,At Risk: In-Transit Float
CFTXN101375,12-01-2026,Cult Indiranagar,Cultpass LIVE,Cash,4475.76,Pending,0,0,0,0,At Risk: In-Transit Float
CFTXN101376,19-01-2026,Cult Koramangala,Cultpass ELITE,UPI,12834.01,Failed,0,0,0,0,Leakage: Gateway Drop
CFTXN101377,13-02-2026,Cult HSR Layout,Cultpass ELITE,UPI,14640.43,Settled,0,0,14640.43,0,Clean: Settled
CFTXN101378,28-02-2026,Cult Gurugram Cyberhub,Cultpass PRO,UPI,9689.98,Settled,0,0,9689.98,0,Clean: Settled
CFTXN101379,18-02-2026,Cult Indiranagar,Cultpass LIVE,UPI,3424.57,Pending,0,0,0,0,At Risk: In-Transit Float
CFTXN101380,02-03-2026,Cult Koramangala,Cultpass PLAY,Debit Card,6404.45,Settled,64.04,1,6339.41,2,Clean: Settled
CFTXN101381,17-01-2026,Cult HSR Layout,Cultpass LIVE,Net Banking,4672.84,Pending,70.09,3,0,1,At Risk: In-Transit Float
CFTXN101382,15-03-2026,Cult HSR Layout,Cultpass PLAY,Cash,7758.63,Settled,0,0,7758.63,0,Clean: Settled
CFTXN101383,26-02-2026,Cult Gurugram Cyberhub,Cultpass PRO,Debit Card,8050.33,Pending,80.5,1,0,2,At Risk: In-Transit Float
CFTXN101384,24-02-2026,Cult HSR Layout,Cultpass LIVE,Net Banking,4605.96,Settled,69.09,3,4533.87,1,Clean: Settled
CFTXN101385,16-02-2026,Cult Indiranagar,Cultpass LIVE,UPI,4961.59,Failed,0,0,0,0,Leakage: Gateway Drop
CFTXN101386,12-01-2026,Cult HSR Layout,Cultpass ELITE,Debit Card,15635.56,Settled,156.36,1,15478.2,2,Clean: Settled
CFTXN101387,03-03-2026,Cult Whitefield,Cultpass PRO,Debit Card,9762.98,Settled,97.63,1,9664.35,2,Clean: Settled
CFTXN101388,21-03-2026,Cult Indiranagar,Cultpass LIVE,Credit Card,4756.83,Settled,95.14,2.5,4659.19,3,Clean: Settled
CFTXN101389,29-03-2026,Cult Koramangala,Cultpass ELITE,Credit Card,17715.1,Settled,354.3,2.5,17358.3,3,Clean: Settled
CFTXN101390,24-03-2026,Cult Koramangala,Cultpass LIVE,Credit Card,4509.07,Settled,90.18,2.5,4416.39,3,Clean: Settled
CFTXN101391,08-01-2026,Cult Gurugram Cyberhub,Cultpass ELITE,Debit Card,14672.72,Failed,146.73,1,0,2,Leakage: Gateway Drop
CFTXN101392,21-01-2026,Cult Gurugram Cyberhub,Cultpass PRO,Debit Card,10072.77,Settled,100.73,1,9971.04,2,Clean: Settled
CFTXN101393,22-03-2026,Cult Whitefield,Cultpass LIVE,Debit Card,4401.87,Settled,44.02,1,4356.85,2,Clean: Settled
CFTXN101394,28-03-2026,Cult Koramangala,Cultpass ELITE,Cash,13165.64,Settled,0,0,13165.64,0,Clean: Settled
CFTXN101395,21-03-2026,Cult Koramangala,Cultpass ELITE,Debit Card,14683.21,Settled,146.83,1,14535.38,2,Clean: Settled
CFTXN101396,11-03-2026,Cult Koramangala,Cultpass PRO,Debit Card,10904.37,Settled,109.04,1,10794.33,2,Clean: Settled
CFTXN101397,13-03-2026,Cult Koramangala,Cultpass PLAY,Credit Card,8291.54,Settled,165.83,2.5,8123.21,3,Clean: Settled
CFTXN101398,25-01-2026,Cult HSR Layout,Cultpass ELITE,Credit Card,14467.22,Settled,289.34,2.5,14175.38,3,Clean: Settled
CFTXN101399,23-03-2026,Cult Indiranagar,Cultpass PLAY,UPI,8321.77,Settled,0,0,8321.77,0,Clean: Settled
CFTXN101400,30-03-2026,Cult Indiranagar,Cultpass ELITE,UPI,12709.33,Settled,0,0,12709.33,0,Clean: Settled
CFTXN101401,12-01-2026,Cult Whitefield,Cultpass PLAY,UPI,7405.24,Settled,0,0,7405.24,0,Clean: Settled
CFTXN101402,15-01-2026,Cult HSR Layout,Cultpass PLAY,Credit Card,8775.95,Pending,175.52,2.5,0,3,At Risk: In-Transit Float
CFTXN101403,28-02-2026,Cult Koramangala,Cultpass PRO,UPI,8771.78,Pending,0,0,0,0,At Risk: In-Transit Float
CFTXN101404,26-01-2026,Cult Koramangala,Cultpass PRO,Credit Card,8650.87,Settled,173.02,2.5,8475.35,3,Clean: Settled
CFTXN101405,26-01-2026,Cult Gurugram Cyberhub,Cultpass PRO,Credit Card,11327.87,Settled,226.56,2.5,11098.81,3,Clean: Settled
CFTXN101406,16-02-2026,Cult Gurugram Cyberhub,Cultpass PRO,Credit Card,8734.64,Settled,174.69,2.5,8557.45,3,Clean: Settled
CFTXN101407,01-02-2026,Cult Whitefield,Cultpass ELITE,Credit Card,13565.51,Pending,271.31,2.5,0,3,At Risk: In-Transit Float
CFTXN101408,10-01-2026,Cult Koramangala,Cultpass ELITE,Credit Card,17817.7,Settled,356.35,2.5,17458.85,3,Clean: Settled
CFTXN101409,16-01-2026,Cult Whitefield,Cultpass ELITE,Credit Card,16408.25,Settled,328.17,2.5,16077.58,3,Clean: Settled
CFTXN101410,12-03-2026,Cult HSR Layout,Cultpass PRO,Cash,10448.59,Settled,0,0,10448.59,0,Clean: Settled
CFTXN101411,17-01-2026,Cult Indiranagar,Cultpass ELITE,Credit Card,17117.56,Failed,342.35,2.5,0,3,Leakage: Gateway Drop
CFTXN101412,23-01-2026,Cult Koramangala,Cultpass PRO,Credit Card,8405.38,Settled,168.11,2.5,8234.77,3,Clean: Settled
CFTXN101413,26-01-2026,Cult HSR Layout,Cultpass PLAY,Credit Card,8470.85,Settled,169.42,2.5,8298.93,3,Clean: Settled
CFTXN101414,26-03-2026,Cult Koramangala,Cultpass ELITE,UPI,15022.13,Failed,0,0,0,0,Leakage: Gateway Drop
CFTXN101415,27-03-2026,Cult Gurugram Cyberhub,Cultpass PRO,Credit Card,10902.03,Settled,218.04,2.5,10681.49,3,Clean: Settled
CFTXN101416,07-01-2026,Cult Whitefield,Cultpass PRO,Net Banking,9778.5,Settled,146.68,3,9628.82,1,Clean: Settled
CFTXN101417,14-01-2026,Cult Gurugram Cyberhub,Cultpass LIVE,Cash,4240.48,Pending,0,0,0,0,At Risk: In-Transit Float
CFTXN101418,20-03-2026,Cult Indiranagar,Cultpass PLAY,Credit Card,7672.1,Pending,153.44,2.5,0,3,At Risk: In-Transit Float
CFTXN101419,07-01-2026,Cult Gurugram Cyberhub,Cultpass PLAY,Debit Card,7673.56,Settled,76.74,1,7595.82,2,Clean: Settled
CFTXN101420,09-01-2026,Cult Koramangala,Cultpass PLAY,Credit Card,8687.89,Settled,173.76,2.5,8511.63,3,Clean: Settled
CFTXN101421,17-02-2026,Cult Gurugram Cyberhub,Cultpass ELITE,UPI,15771.4,Pending,0,0,0,0,At Risk: In-Transit Float
CFTXN101422,13-03-2026,Cult Koramangala,Cultpass LIVE,Debit Card,4266.53,Failed,42.67,1,0,2,Leakage: Gateway Drop
CFTXN101423,28-02-2026,Cult Indiranagar,Cultpass LIVE,Credit Card,3900.56,Pending,78.01,2.5,0,3,At Risk: In-Transit Float
CFTXN101424,28-03-2026,Cult Gurugram Cyberhub,Cultpass ELITE,Credit Card,15186.66,Settled,303.73,2.5,14880.43,3,Clean: Settled
CFTXN101425,23-03-2026,Cult Whitefield,Cultpass PLAY,UPI,8610.01,Settled,0,0,8610.01,0,Clean: Settled
CFTXN101426,08-02-2026,Cult Whitefield,Cultpass ELITE,Debit Card,16955.65,Settled,169.56,1,16785.09,2,Clean: Settled
CFTXN101427,18-01-2026,Cult Whitefield,Cultpass PRO,Credit Card,10437.96,Settled,208.76,2.5,10226.7,3,Clean: Settled
CFTXN101428,28-02-2026,Cult Gurugram Cyberhub,Cultpass ELITE,UPI,17544.44,Settled,0,0,17544.44,0,Clean: Settled
CFTXN101429,17-01-2026,Cult Gurugram Cyberhub,Cultpass PRO,UPI,10871.13,Settled,0,0,10871.13,0,Clean: Settled
CFTXN101430,14-01-2026,Cult Gurugram Cyberhub,Cultpass LIVE,Net Banking,4123.73,Settled,61.86,3,4058.87,1,Clean: Settled
CFTXN101431,31-01-2026,Cult Koramangala,Cultpass PRO,Credit Card,10349.92,Pending,207,2.5,0,3,At Risk: In-Transit Float
CFTXN101432,24-01-2026,Cult Indiranagar,Cultpass PRO,UPI,11242.08,Settled,0,0,11242.08,0,Clean: Settled
CFTXN101433,01-03-2026,Cult Whitefield,Cultpass ELITE,UPI,15715.01,Settled,0,0,15715.01,0,Clean: Settled
CFTXN101434,14-02-2026,Cult Koramangala,Cultpass LIVE,Credit Card,4649.61,Settled,92.99,2.5,4554.12,3,Clean: Settled
CFTXN101435,03-01-2026,Cult Whitefield,Cultpass ELITE,UPI,16132.86,Settled,0,0,16132.86,0,Clean: Settled
CFTXN101436,06-02-2026,Cult Koramangala,Cultpass PRO,Debit Card,9931.78,Pending,99.32,1,0,2,At Risk: In-Transit Float
CFTXN101437,12-02-2026,Cult Gurugram Cyberhub,Cultpass PLAY,Net Banking,6846.43,Failed,102.7,3,0,1,Leakage: Gateway Drop
CFTXN101438,09-02-2026,Cult Whitefield,Cultpass LIVE,Credit Card,3852,Settled,77.04,2.5,3772.46,3,Clean: Settled
CFTXN101439,31-03-2026,Cult Gurugram Cyberhub,Cultpass PRO,UPI,11387.1,Settled,0,0,11387.1,0,Clean: Settled
CFTXN101440,24-02-2026,Cult Whitefield,Cultpass LIVE,Debit Card,4315.53,Settled,43.16,1,4271.37,2,Clean: Settled
CFTXN101441,28-03-2026,Cult HSR Layout,Cultpass LIVE,Cash,4128.79,Settled,0,0,4128.79,0,Clean: Settled
CFTXN101442,08-02-2026,Cult Koramangala,Cultpass PLAY,Credit Card,9265.35,Failed,185.31,2.5,0,3,Leakage: Gateway Drop
CFTXN101443,15-01-2026,Cult HSR Layout,Cultpass PRO,Cash,10052.79,Settled,0,0,10052.79,0,Clean: Settled
CFTXN101444,04-01-2026,Cult Koramangala,Cultpass ELITE,Net Banking,15156.5,Settled,227.35,3,14926.15,1,Clean: Settled
CFTXN101445,27-03-2026,Cult Indiranagar,Cultpass ELITE,Credit Card,16555.87,Failed,331.12,2.5,0,3,Leakage: Gateway Drop
CFTXN101446,25-01-2026,Cult Whitefield,Cultpass ELITE,UPI,16275.99,Settled,0,0,16275.99,0,Clean: Settled
CFTXN101447,13-01-2026,Cult Indiranagar,Cultpass PRO,Cash,8676.06,Failed,0,0,0,0,Leakage: Gateway Drop
CFTXN101448,23-03-2026,Cult Indiranagar,Cultpass ELITE,Credit Card,14827.85,Failed,296.56,2.5,0,3,Leakage: Gateway Drop
CFTXN101449,02-02-2026,Cult Koramangala,Cultpass PRO,Debit Card,9653.8,Settled,96.54,1,9556.26,2,Clean: Settled
CFTXN101450,16-01-2026,Cult HSR Layout,Cultpass ELITE,Debit Card,14269.35,Settled,142.69,1,14125.66,2,Clean: Settled
CFTXN101451,11-02-2026,Cult Gurugram Cyberhub,Cultpass ELITE,Credit Card,15103.76,Failed,302.08,2.5,0,3,Leakage: Gateway Drop
CFTXN101452,07-03-2026,Cult Koramangala,Cultpass PLAY,Credit Card,7445.88,Settled,148.92,2.5,7294.46,3,Clean: Settled
CFTXN101453,24-02-2026,Cult Gurugram Cyberhub,Cultpass PRO,Credit Card,8697.71,Settled,173.95,2.5,8521.26,3,Clean: Settled
CFTXN101454,11-02-2026,Cult Indiranagar,Cultpass ELITE,Credit Card,14474.2,Pending,289.48,2.5,0,3,At Risk: In-Transit Float
CFTXN101455,03-02-2026,Cult Gurugram Cyberhub,Cultpass LIVE,Debit Card,3144.55,Failed,31.45,1,0,2,Leakage: Gateway Drop
CFTXN101456,30-01-2026,Cult HSR Layout,Cultpass ELITE,Credit Card,15454.72,Settled,309.09,2.5,15143.13,3,Clean: Settled
CFTXN101457,13-01-2026,Cult Koramangala,Cultpass LIVE,Net Banking,4707.31,Settled,70.61,3,4633.7,1,Clean: Settled
CFTXN101458,13-01-2026,Cult HSR Layout,Cultpass LIVE,UPI,4450.57,Settled,0,0,4450.57,0,Clean: Settled
CFTXN101459,18-01-2026,Cult HSR Layout,Cultpass ELITE,Credit Card,14162.36,Failed,283.25,2.5,0,3,Leakage: Gateway Drop
CFTXN101460,01-02-2026,Cult Koramangala,Cultpass LIVE,UPI,3174.14,Settled,0,0,3174.14,0,Clean: Settled
CFTXN101461,08-02-2026,Cult HSR Layout,Cultpass PRO,UPI,8707.52,Settled,0,0,8707.52,0,Clean: Settled
CFTXN101462,15-02-2026,Cult Whitefield,Cultpass PRO,Cash,9909.22,Settled,0,0,9909.22,0,Clean: Settled
CFTXN101463,29-01-2026,Cult Whitefield,Cultpass ELITE,Credit Card,13242.34,Pending,264.85,2.5,0,3,At Risk: In-Transit Float
CFTXN101464,03-03-2026,Cult Whitefield,Cultpass ELITE,Credit Card,15263.84,Pending,305.28,2.5,0,3,At Risk: In-Transit Float
CFTXN101465,03-03-2026,Cult Gurugram Cyberhub,Cultpass PLAY,Net Banking,6810.6,Settled,102.16,3,6705.44,1,Clean: Settled
CFTXN101466,26-02-2026,Cult HSR Layout,Cultpass ELITE,Net Banking,17093.54,Settled,256.4,3,16834.14,1,Clean: Settled
CFTXN101467,16-01-2026,Cult Koramangala,Cultpass PRO,UPI,9390.45,Pending,0,0,0,0,At Risk: In-Transit Float
CFTXN101468,25-02-2026,Cult Koramangala,Cultpass PRO,UPI,8859.43,Failed,0,0,0,0,Leakage: Gateway Drop
CFTXN101469,10-01-2026,Cult Gurugram Cyberhub,Cultpass PRO,Credit Card,10843.14,Settled,216.86,2.5,10623.78,3,Clean: Settled
CFTXN101470,30-01-2026,Cult Koramangala,Cultpass ELITE,Debit Card,14057.03,Settled,140.57,1,13915.46,2,Clean: Settled
CFTXN101471,25-01-2026,Cult Whitefield,Cultpass ELITE,Credit Card,12668.93,Settled,253.38,2.5,12413.05,3,Clean: Settled
CFTXN101472,25-03-2026,Cult HSR Layout,Cultpass LIVE,Credit Card,4140.82,Failed,82.82,2.5,0,3,Leakage: Gateway Drop
CFTXN101473,05-01-2026,Cult Koramangala,Cultpass ELITE,UPI,15489.39,Settled,0,0,15489.39,0,Clean: Settled
CFTXN101474,06-03-2026,Cult Koramangala,Cultpass ELITE,Credit Card,16288.17,Failed,325.76,2.5,0,3,Leakage: Gateway Drop
CFTXN101475,18-02-2026,Cult Indiranagar,Cultpass ELITE,Debit Card,13441.32,Settled,134.41,1,13305.91,2,Clean: Settled
CFTXN101476,03-01-2026,Cult Indiranagar,Cultpass PRO,Net Banking,9553.2,Settled,143.3,3,9406.9,1,Clean: Settled
CFTXN101477,14-02-2026,Cult Indiranagar,Cultpass PLAY,Credit Card,6988.29,Settled,139.77,2.5,6846.02,3,Clean: Settled
CFTXN101478,14-01-2026,Cult HSR Layout,Cultpass ELITE,Cash,12485.72,Settled,0,0,12485.72,0,Clean: Settled
CFTXN101479,30-01-2026,Cult Whitefield,Cultpass ELITE,Cash,17259.68,Settled,0,0,17259.68,0,Clean: Settled
CFTXN101480,09-03-2026,Cult Whitefield,Cultpass ELITE,UPI,16373.22,Settled,0,0,16373.22,0,Clean: Settled
CFTXN101481,18-01-2026,Cult Whitefield,Cultpass LIVE,Credit Card,3602.93,Failed,72.06,2.5,0,3,Leakage: Gateway Drop
CFTXN101482,03-03-2026,Cult HSR Layout,Cultpass PRO,Credit Card,10097.81,Settled,201.96,2.5,9893.35,3,Clean: Settled
CFTXN101483,06-02-2026,Cult HSR Layout,Cultpass PRO,Debit Card,8704.42,Settled,87.04,1,8616.38,2,Clean: Settled
CFTXN101484,25-01-2026,Cult Indiranagar,Cultpass LIVE,Credit Card,4780.47,Failed,95.61,2.5,0,3,Leakage: Gateway Drop
CFTXN101485,17-02-2026,Cult Koramangala,Cultpass PRO,Credit Card,8402.17,Settled,168.04,2.5,8231.63,3,Clean: Settled
CFTXN101486,06-03-2026,Cult Gurugram Cyberhub,Cultpass PLAY,Cash,6013.43,Settled,0,0,6013.43,0,Clean: Settled
CFTXN101487,22-02-2026,Cult Gurugram Cyberhub,Cultpass LIVE,Credit Card,4004.02,Settled,80.08,2.5,3921.44,3,Clean: Settled
CFTXN101488,20-03-2026,Cult Koramangala,Cultpass ELITE,UPI,15498.77,Settled,0,0,15498.77,0,Clean: Settled
CFTXN101489,14-03-2026,Cult Indiranagar,Cultpass ELITE,Credit Card,15473.79,Failed,309.48,2.5,0,3,Leakage: Gateway Drop
CFTXN101490,15-01-2026,Cult Koramangala,Cultpass ELITE,UPI,12327.07,Failed,0,0,0,0,Leakage: Gateway Drop
CFTXN101491,18-02-2026,Cult Koramangala,Cultpass ELITE,Net Banking,13884.26,Pending,208.26,3,0,1,At Risk: In-Transit Float
CFTXN101492,29-03-2026,Cult Gurugram Cyberhub,Cultpass PLAY,Credit Card,7747.2,Pending,154.94,2.5,0,3,At Risk: In-Transit Float
CFTXN101493,09-03-2026,Cult Indiranagar,Cultpass PRO,Credit Card,8758.03,Failed,175.16,2.5,0,3,Leakage: Gateway Drop
CFTXN101494,12-01-2026,Cult HSR Layout,Cultpass ELITE,UPI,17235.76,Failed,0,0,0,0,Leakage: Gateway Drop
CFTXN101495,28-02-2026,Cult Gurugram Cyberhub,Cultpass LIVE,UPI,3174.22,Settled,0,0,3174.22,0,Clean: Settled
CFTXN101496,06-02-2026,Cult HSR Layout,Cultpass PRO,UPI,9705.85,Settled,0,0,9705.85,0,Clean: Settled
CFTXN101497,02-03-2026,Cult Indiranagar,Cultpass ELITE,Credit Card,16148.5,Settled,322.97,2.5,15823.03,3,Clean: Settled
CFTXN101498,12-02-2026,Cult Koramangala,Cultpass ELITE,Credit Card,13570.51,Settled,271.41,2.5,13296.6,3,Clean: Settled
CFTXN101499,11-03-2026,Cult Whitefield,Cultpass PRO,Cash,10184.84,Settled,0,0,10184.84,0,Clean: Settled
CFTXN101500,08-02-2026,Cult Whitefield,Cultpass LIVE,Net Banking,4658.77,Settled,69.88,3,4585.89,1,Clean: Settled
CFTXN101501,25-02-2026,Cult Indiranagar,Cultpass ELITE,Debit Card,13142.02,Settled,131.42,1,13009.6,2,Clean: Settled
CFTXN101502,04-03-2026,Cult Whitefield,Cultpass ELITE,UPI,17503.32,Pending,0,0,0,0,At Risk: In-Transit Float
CFTXN101503,15-02-2026,Cult HSR Layout,Cultpass PRO,Debit Card,9937.45,Settled,99.37,1,9837.08,2,Clean: Settled
CFTXN101504,29-03-2026,Cult Whitefield,Cultpass ELITE,Debit Card,13795.39,Settled,137.95,1,13656.44,2,Clean: Settled
CFTXN101505,11-01-2026,Cult Indiranagar,Cultpass PRO,Credit Card,9508,Failed,190.16,2.5,0,3,Leakage: Gateway Drop
CFTXN101506,03-03-2026,Cult Indiranagar,Cultpass PRO,Debit Card,9092.67,Settled,90.93,1,9000.74,2,Clean: Settled
CFTXN101507,18-03-2026,Cult HSR Layout,Cultpass ELITE,Debit Card,16350.67,Pending,163.51,1,0,2,At Risk: In-Transit Float
CFTXN101508,25-01-2026,Cult Whitefield,Cultpass PLAY,Credit Card,8787.05,Settled,175.74,2.5,8608.81,3,Clean: Settled
CFTXN101509,12-03-2026,Cult Whitefield,Cultpass PRO,Debit Card,10915.28,Settled,109.15,1,10805.13,2,Clean: Settled
CFTXN101510,21-02-2026,Cult Koramangala,Cultpass ELITE,UPI,17914.61,Settled,0,0,17914.61,0,Clean: Settled
CFTXN101511,04-01-2026,Cult Gurugram Cyberhub,Cultpass PRO,UPI,10769.5,Pending,0,0,0,0,At Risk: In-Transit Float
CFTXN101512,28-02-2026,Cult Indiranagar,Cultpass LIVE,UPI,4202.77,Settled,0,0,4202.77,0,Clean: Settled
CFTXN101513,13-03-2026,Cult Koramangala,Cultpass LIVE,Net Banking,3678.44,Settled,55.18,3,3620.26,1,Clean: Settled
CFTXN101514,20-01-2026,Cult Indiranagar,Cultpass ELITE,Credit Card,15267.57,Settled,305.35,2.5,14959.72,3,Clean: Settled
CFTXN101515,04-03-2026,Cult Koramangala,Cultpass PLAY,UPI,6143.74,Settled,0,0,6143.74,0,Clean: Settled
CFTXN101516,23-02-2026,Cult Gurugram Cyberhub,Cultpass PRO,UPI,10606.89,Settled,0,0,10606.89,0,Clean: Settled
CFTXN101517,15-03-2026,Cult Koramangala,Cultpass ELITE,Debit Card,14675.73,Pending,146.76,1,0,2,At Risk: In-Transit Float
CFTXN101518,26-02-2026,Cult Indiranagar,Cultpass ELITE,Credit Card,12120.14,Settled,242.4,2.5,11875.24,3,Clean: Settled
CFTXN101519,31-03-2026,Cult Whitefield,Cultpass ELITE,Credit Card,12375.04,Settled,247.5,2.5,12125.04,3,Clean: Settled
CFTXN101520,10-02-2026,Cult Indiranagar,Cultpass LIVE,Net Banking,3774.93,Failed,56.62,3,0,1,Leakage: Gateway Drop
CFTXN101521,03-01-2026,Cult HSR Layout,Cultpass ELITE,Debit Card,15500.53,Pending,155.01,1,0,2,At Risk: In-Transit Float
CFTXN101522,06-01-2026,Cult HSR Layout,Cultpass ELITE,Net Banking,14785.22,Failed,221.78,3,0,1,Leakage: Gateway Drop
CFTXN101523,05-01-2026,Cult HSR Layout,Cultpass PLAY,UPI,8167.22,Pending,0,0,0,0,At Risk: In-Transit Float
CFTXN101524,05-01-2026,Cult HSR Layout,Cultpass ELITE,UPI,14881.77,Settled,0,0,14881.77,0,Clean: Settled
CFTXN101525,23-02-2026,Cult Gurugram Cyberhub,Cultpass ELITE,UPI,15970.22,Settled,0,0,15970.22,0,Clean: Settled
CFTXN101526,16-02-2026,Cult Whitefield,Cultpass ELITE,UPI,13314.76,Settled,0,0,13314.76,0,Clean: Settled
CFTXN101527,28-03-2026,Cult Whitefield,Cultpass ELITE,Debit Card,12677.06,Settled,126.77,1,12549.29,2,Clean: Settled
CFTXN101528,18-02-2026,Cult Indiranagar,Cultpass ELITE,Debit Card,15578.6,Failed,155.79,1,0,2,Leakage: Gateway Drop
CFTXN101529,09-01-2026,Cult Koramangala,Cultpass PRO,UPI,9696.41,Settled,0,0,9696.41,0,Clean: Settled
CFTXN101530,20-01-2026,Cult Indiranagar,Cultpass ELITE,Debit Card,12161.21,Settled,121.61,1,12038.6,2,Clean: Settled
CFTXN101531,02-03-2026,Cult Indiranagar,Cultpass ELITE,Debit Card,14282.89,Settled,142.83,1,14139.06,2,Clean: Settled
CFTXN101532,04-02-2026,Cult Indiranagar,Cultpass LIVE,Credit Card,3212.25,Failed,64.25,2.5,0,3,Leakage: Gateway Drop
CFTXN101533,19-02-2026,Cult Indiranagar,Cultpass PRO,Net Banking,9859.75,Pending,147.9,3,0,1,At Risk: In-Transit Float
CFTXN101534,23-03-2026,Cult Whitefield,Cultpass PRO,Credit Card,9385.22,Settled,187.7,2.5,9195.02,3,Clean: Settled
CFTXN101535,03-03-2026,Cult Koramangala,Cultpass PRO,UPI,10146.03,Settled,0,0,10146.03,0,Clean: Settled
CFTXN101536,17-01-2026,Cult Indiranagar,Cultpass ELITE,Debit Card,16833.61,Settled,168.34,1,16664.27,2,Clean: Settled
CFTXN101537,29-03-2026,Cult Whitefield,Cultpass PRO,Debit Card,9048.84,Settled,90.49,1,8957.35,2,Clean: Settled
CFTXN101538,03-01-2026,Cult Indiranagar,Cultpass PRO,UPI,11367.36,Settled,0,0,11367.36,0,Clean: Settled
CFTXN101539,01-02-2026,Cult HSR Layout,Cultpass ELITE,Credit Card,15213.81,Pending,304.28,2.5,0,3,At Risk: In-Transit Float
CFTXN101540,13-01-2026,Cult Indiranagar,Cultpass PLAY,UPI,8164.02,Settled,0,0,8164.02,0,Clean: Settled
CFTXN101541,30-03-2026,Cult Indiranagar,Cultpass ELITE,UPI,16084.03,Settled,0,0,16084.03,0,Clean: Settled
CFTXN101542,14-03-2026,Cult Gurugram Cyberhub,Cultpass LIVE,UPI,4333.46,Pending,0,0,0,0,At Risk: In-Transit Float
CFTXN101543,09-03-2026,Cult HSR Layout,Cultpass ELITE,Credit Card,15065.82,Pending,301.32,2.5,0,3,At Risk: In-Transit Float
CFTXN101544,14-01-2026,Cult Koramangala,Cultpass LIVE,Net Banking,3857.53,Settled,57.86,3,3796.67,1,Clean: Settled
CFTXN101545,11-01-2026,Cult Indiranagar,Cultpass PRO,UPI,8188.24,Settled,0,0,8188.24,0,Clean: Settled
CFTXN101546,25-02-2026,Cult Koramangala,Cultpass LIVE,Net Banking,3044.17,Settled,45.66,3,2995.51,1,Clean: Settled
CFTXN101547,08-03-2026,Cult HSR Layout,Cultpass ELITE,Debit Card,14147.77,Settled,141.48,1,14005.29,2,Clean: Settled
CFTXN101548,29-01-2026,Cult Indiranagar,Cultpass PRO,Debit Card,9167.81,Pending,91.68,1,0,2,At Risk: In-Transit Float
CFTXN101549,09-01-2026,Cult Gurugram Cyberhub,Cultpass PRO,Net Banking,9356.93,Failed,140.35,3,0,1,Leakage: Gateway Drop
CFTXN101550,08-03-2026,Cult Whitefield,Cultpass LIVE,Net Banking,3276.74,Failed,49.15,3,0,1,Leakage: Gateway Drop
CFTXN101551,25-01-2026,Cult Gurugram Cyberhub,Cultpass PRO,Debit Card,10583.59,Settled,105.84,1,10476.75,2,Clean: Settled
CFTXN101552,17-03-2026,Cult Gurugram Cyberhub,Cultpass PRO,Credit Card,10999.38,Settled,219.99,2.5,10776.89,3,Clean: Settled
CFTXN101553,11-02-2026,Cult Whitefield,Cultpass PRO,Debit Card,11285.5,Settled,112.86,1,11171.64,2,Clean: Settled
CFTXN101554,09-01-2026,Cult Whitefield,Cultpass ELITE,Debit Card,14954.17,Pending,149.54,1,0,2,At Risk: In-Transit Float
CFTXN101555,20-03-2026,Cult Whitefield,Cultpass PRO,Credit Card,10453.03,Settled,209.06,2.5,10241.47,3,Clean: Settled
CFTXN101556,09-02-2026,Cult Indiranagar,Cultpass ELITE,Credit Card,17133.31,Settled,342.67,2.5,16788.14,3,Clean: Settled
CFTXN101557,25-01-2026,Cult Koramangala,Cultpass PLAY,Net Banking,7464.02,Settled,111.96,3,7349.06,1,Clean: Settled
CFTXN101558,05-01-2026,Cult Koramangala,Cultpass LIVE,Credit Card,3618.83,Pending,72.38,2.5,0,3,At Risk: In-Transit Float
CFTXN101559,11-01-2026,Cult Whitefield,Cultpass PLAY,UPI,9278.54,Settled,0,0,9278.54,0,Clean: Settled
CFTXN101560,28-02-2026,Cult Gurugram Cyberhub,Cultpass ELITE,Credit Card,15094.06,Settled,301.88,2.5,14789.68,3,Clean: Settled
CFTXN101561,29-03-2026,Cult HSR Layout,Cultpass PLAY,Credit Card,7740.39,Pending,154.81,2.5,0,3,At Risk: In-Transit Float
CFTXN101562,20-03-2026,Cult Whitefield,Cultpass LIVE,Credit Card,3356.83,Pending,67.14,2.5,0,3,At Risk: In-Transit Float
CFTXN101563,07-02-2026,Cult Gurugram Cyberhub,Cultpass PRO,Credit Card,8378.54,Failed,167.57,2.5,0,3,Leakage: Gateway Drop
CFTXN101564,13-03-2026,Cult Gurugram Cyberhub,Cultpass PRO,UPI,10947.37,Settled,0,0,10947.37,0,Clean: Settled
CFTXN101565,05-01-2026,Cult Indiranagar,Cultpass ELITE,Net Banking,15684.8,Pending,235.27,3,0,1,At Risk: In-Transit Float
CFTXN101566,17-02-2026,Cult Indiranagar,Cultpass LIVE,Credit Card,3651.65,Settled,73.03,2.5,3576.12,3,Clean: Settled
CFTXN101567,31-03-2026,Cult Koramangala,Cultpass PRO,Debit Card,8671.08,Settled,86.71,1,8583.37,2,Clean: Settled
CFTXN101568,18-01-2026,Cult Koramangala,Cultpass ELITE,Debit Card,15332.98,Settled,153.33,1,15178.65,2,Clean: Settled
CFTXN101569,11-03-2026,Cult HSR Layout,Cultpass ELITE,Net Banking,15503.52,Settled,232.55,3,15267.97,1,Clean: Settled
CFTXN101570,06-02-2026,Cult HSR Layout,Cultpass PLAY,UPI,6724.48,Pending,0,0,0,0,At Risk: In-Transit Float
CFTXN101571,01-03-2026,Cult HSR Layout,Cultpass PLAY,Debit Card,8979.92,Pending,89.8,1,0,2,At Risk: In-Transit Float
CFTXN101572,17-02-2026,Cult HSR Layout,Cultpass PLAY,UPI,6294.93,Settled,0,0,6294.93,0,Clean: Settled
CFTXN101573,18-03-2026,Cult Gurugram Cyberhub,Cultpass PRO,UPI,9246.33,Failed,0,0,0,0,Leakage: Gateway Drop
CFTXN101574,28-01-2026,Cult Gurugram Cyberhub,Cultpass ELITE,Credit Card,16082.31,Failed,321.65,2.5,0,3,Leakage: Gateway Drop
CFTXN101575,10-03-2026,Cult Koramangala,Cultpass ELITE,Debit Card,13644.72,Failed,136.45,1,0,2,Leakage: Gateway Drop
CFTXN101576,18-03-2026,Cult Indiranagar,Cultpass ELITE,Net Banking,16966.05,Settled,254.49,3,16708.56,1,Clean: Settled
CFTXN101577,22-03-2026,Cult Indiranagar,Cultpass ELITE,UPI,16439.21,Failed,0,0,0,0,Leakage: Gateway Drop
CFTXN101578,09-02-2026,Cult Whitefield,Cultpass ELITE,Debit Card,16734.14,Settled,167.34,1,16565.8,2,Clean: Settled
CFTXN101579,14-02-2026,Cult Gurugram Cyberhub,Cultpass ELITE,Debit Card,12714.64,Settled,127.15,1,12586.49,2,Clean: Settled
CFTXN101580,03-03-2026,Cult HSR Layout,Cultpass PRO,Credit Card,8491.91,Settled,169.84,2.5,8319.57,3,Clean: Settled
CFTXN101581,27-02-2026,Cult HSR Layout,Cultpass PLAY,Debit Card,7002.66,Settled,70.03,1,6931.63,2,Clean: Settled
CFTXN101582,08-03-2026,Cult Whitefield,Cultpass PRO,UPI,9813.27,Settled,0,0,9813.27,0,Clean: Settled
CFTXN101583,25-02-2026,Cult Indiranagar,Cultpass PLAY,Debit Card,8618.06,Settled,86.18,1,8530.88,2,Clean: Settled
CFTXN101584,09-02-2026,Cult HSR Layout,Cultpass PRO,UPI,10927.86,Settled,0,0,10927.86,0,Clean: Settled
CFTXN101585,09-02-2026,Cult Indiranagar,Cultpass ELITE,Net Banking,16226.01,Settled,243.39,3,15979.62,1,Clean: Settled
CFTXN101586,18-03-2026,Cult Whitefield,Cultpass ELITE,Credit Card,17571.58,Settled,351.43,2.5,17217.65,3,Clean: Settled
CFTXN101587,02-02-2026,Cult Indiranagar,Cultpass ELITE,Debit Card,16432.46,Settled,164.32,1,16267.14,2,Clean: Settled
CFTXN101588,06-01-2026,Cult Indiranagar,Cultpass ELITE,Debit Card,13837.61,Failed,138.38,1,0,2,Leakage: Gateway Drop
CFTXN101589,29-03-2026,Cult Indiranagar,Cultpass PRO,UPI,8927.78,Failed,0,0,0,0,Leakage: Gateway Drop
CFTXN101590,19-01-2026,Cult HSR Layout,Cultpass ELITE,Credit Card,16177.15,Failed,323.54,2.5,0,3,Leakage: Gateway Drop
CFTXN101591,21-03-2026,Cult Koramangala,Cultpass ELITE,UPI,13157.22,Failed,0,0,0,0,Leakage: Gateway Drop
CFTXN101592,09-02-2026,Cult Gurugram Cyberhub,Cultpass ELITE,Net Banking,12556.29,Failed,188.34,3,0,1,Leakage: Gateway Drop
CFTXN101593,28-02-2026,Cult Indiranagar,Cultpass PLAY,Debit Card,7862.78,Settled,78.63,1,7783.15,2,Clean: Settled
CFTXN101594,28-02-2026,Cult Indiranagar,Cultpass LIVE,Net Banking,4643.28,Settled,69.65,3,4570.63,1,Clean: Settled
CFTXN101595,17-02-2026,Cult Indiranagar,Cultpass LIVE,Cash,3202.76,Settled,0,0,3202.76,0,Clean: Settled
CFTXN101596,10-02-2026,Cult Koramangala,Cultpass ELITE,Credit Card,16751.35,Settled,335.03,2.5,16413.82,3,Clean: Settled
CFTXN101597,13-01-2026,Cult Whitefield,Cultpass LIVE,Credit Card,4623.14,Failed,92.46,2.5,0,3,Leakage: Gateway Drop
CFTXN101598,14-02-2026,Cult HSR Layout,Cultpass LIVE,Cash,3964.55,Settled,0,0,3964.55,0,Clean: Settled
CFTXN101599,30-03-2026,Cult Koramangala,Cultpass PRO,Cash,8200.59,Settled,0,0,8200.59,0,Clean: Settled
CFTXN101600,22-02-2026,Cult Indiranagar,Cultpass PLAY,Credit Card,6611.06,Settled,132.22,2.5,6476.34,3,Clean: Settled
CFTXN101601,11-02-2026,Cult Koramangala,Cultpass ELITE,Credit Card,16244.56,Settled,324.89,2.5,15917.17,3,Clean: Settled
CFTXN101602,04-03-2026,Cult Koramangala,Cultpass PLAY,Credit Card,8491.22,Settled,169.82,2.5,8318.9,3,Clean: Settled
CFTXN101603,27-01-2026,Cult Koramangala,Cultpass PLAY,Cash,9144.24,Settled,0,0,9144.24,0,Clean: Settled
CFTXN101604,07-02-2026,Cult Whitefield,Cultpass ELITE,Credit Card,15496.12,Failed,309.92,2.5,0,3,Leakage: Gateway Drop
CFTXN101605,01-03-2026,Cult Gurugram Cyberhub,Cultpass PRO,Debit Card,8434.38,Settled,84.34,1,8349.04,2,Clean: Settled
CFTXN101606,07-01-2026,Cult HSR Layout,Cultpass PLAY,UPI,6424.95,Settled,0,0,6424.95,0,Clean: Settled
CFTXN101607,05-01-2026,Cult Whitefield,Cultpass ELITE,Credit Card,16326.79,Settled,326.54,2.5,15997.75,3,Clean: Settled
CFTXN101608,14-02-2026,Cult Whitefield,Cultpass PRO,UPI,8643.25,Settled,0,0,8643.25,0,Clean: Settled
CFTXN101609,27-02-2026,Cult Gurugram Cyberhub,Cultpass PLAY,Credit Card,7149.35,Settled,142.99,2.5,7003.86,3,Clean: Settled
CFTXN101610,31-01-2026,Cult Whitefield,Cultpass PRO,Net Banking,9705.24,Settled,145.58,3,9556.66,1,Clean: Settled
CFTXN101611,23-01-2026,Cult Koramangala,Cultpass ELITE,Credit Card,12148.59,Settled,242.97,2.5,11903.12,3,Clean: Settled
CFTXN101612,11-02-2026,Cult Koramangala,Cultpass PRO,UPI,8870.87,Settled,0,0,8870.87,0,Clean: Settled
CFTXN101613,10-01-2026,Cult Indiranagar,Cultpass ELITE,UPI,14447.34,Settled,0,0,14447.34,0,Clean: Settled
CFTXN101614,01-02-2026,Cult Whitefield,Cultpass PRO,Credit Card,8978.73,Settled,179.57,2.5,8796.66,3,Clean: Settled
CFTXN101615,22-02-2026,Cult Indiranagar,Cultpass ELITE,Credit Card,12818.22,Settled,256.36,2.5,12559.36,3,Clean: Settled
CFTXN101616,30-01-2026,Cult HSR Layout,Cultpass PRO,Debit Card,10548.04,Pending,105.48,1,0,2,At Risk: In-Transit Float
CFTXN101617,08-02-2026,Cult Koramangala,Cultpass PRO,Credit Card,10846.02,Settled,216.92,2.5,10626.6,3,Clean: Settled
CFTXN101618,31-01-2026,Cult HSR Layout,Cultpass LIVE,UPI,3514.96,Failed,0,0,0,0,Leakage: Gateway Drop
CFTXN101619,23-03-2026,Cult Gurugram Cyberhub,Cultpass PRO,UPI,10710.47,Failed,0,0,0,0,Leakage: Gateway Drop
CFTXN101620,02-01-2026,Cult Koramangala,Cultpass PRO,Debit Card,9349.44,Settled,93.49,1,9254.95,2,Clean: Settled
CFTXN101621,19-03-2026,Cult HSR Layout,Cultpass PRO,UPI,9773.4,Failed,0,0,0,0,Leakage: Gateway Drop
CFTXN101622,18-03-2026,Cult Gurugram Cyberhub,Cultpass ELITE,UPI,17136.01,Settled,0,0,17136.01,0,Clean: Settled
CFTXN101623,12-01-2026,Cult HSR Layout,Cultpass PRO,UPI,10624.84,Settled,0,0,10624.84,0,Clean: Settled
CFTXN101624,08-02-2026,Cult Gurugram Cyberhub,Cultpass ELITE,Debit Card,16830.7,Settled,168.31,1,16661.39,2,Clean: Settled
CFTXN101625,07-03-2026,Cult Gurugram Cyberhub,Cultpass PLAY,Credit Card,6478.96,Settled,129.58,2.5,6346.88,3,Clean: Settled
CFTXN101626,13-01-2026,Cult Koramangala,Cultpass ELITE,Credit Card,12418.32,Settled,248.37,2.5,12167.45,3,Clean: Settled
CFTXN101627,15-02-2026,Cult Indiranagar,Cultpass PRO,Debit Card,11126.92,Settled,111.27,1,11014.65,2,Clean: Settled
CFTXN101628,27-01-2026,Cult Gurugram Cyberhub,Cultpass PRO,Debit Card,9357.42,Failed,93.57,1,0,2,Leakage: Gateway Drop
CFTXN101629,17-01-2026,Cult Gurugram Cyberhub,Cultpass PRO,Debit Card,9007.58,Settled,90.08,1,8916.5,2,Clean: Settled
CFTXN101630,01-03-2026,Cult Koramangala,Cultpass ELITE,Credit Card,16348.18,Pending,326.96,2.5,0,3,At Risk: In-Transit Float
CFTXN101631,05-03-2026,Cult Indiranagar,Cultpass PRO,UPI,10927.45,Settled,0,0,10927.45,0,Clean: Settled
CFTXN101632,29-03-2026,Cult Whitefield,Cultpass PRO,Credit Card,11018.71,Failed,220.37,2.5,0,3,Leakage: Gateway Drop
CFTXN101633,04-02-2026,Cult Whitefield,Cultpass LIVE,Credit Card,3631.99,Settled,72.64,2.5,3556.85,3,Clean: Settled
CFTXN101634,11-03-2026,Cult Indiranagar,Cultpass ELITE,Debit Card,17113.27,Settled,171.13,1,16941.14,2,Clean: Settled
CFTXN101635,24-03-2026,Cult HSR Layout,Cultpass PRO,Credit Card,8143.27,Failed,162.87,2.5,0,3,Leakage: Gateway Drop
CFTXN101636,30-01-2026,Cult Koramangala,Cultpass PRO,UPI,8173.82,Settled,0,0,8173.82,0,Clean: Settled
CFTXN101637,12-03-2026,Cult Indiranagar,Cultpass PRO,Debit Card,10182.32,Settled,101.82,1,10079.5,2,Clean: Settled
CFTXN101638,15-03-2026,Cult Whitefield,Cultpass PRO,Debit Card,8220.87,Settled,82.21,1,8137.66,2,Clean: Settled
CFTXN101639,04-03-2026,Cult Gurugram Cyberhub,Cultpass PRO,Debit Card,9136.13,Failed,91.36,1,0,2,Leakage: Gateway Drop
CFTXN101640,28-01-2026,Cult Whitefield,Cultpass ELITE,Credit Card,16036.54,Settled,320.73,2.5,15713.31,3,Clean: Settled
CFTXN101641,01-03-2026,Cult Gurugram Cyberhub,Cultpass ELITE,Credit Card,14023.6,Pending,280.47,2.5,0,3,At Risk: In-Transit Float
CFTXN101642,20-03-2026,Cult Koramangala,Cultpass ELITE,Net Banking,13077.6,Settled,196.16,3,12878.44,1,Clean: Settled
CFTXN101643,06-02-2026,Cult Gurugram Cyberhub,Cultpass ELITE,Debit Card,13688.1,Settled,136.88,1,13550.22,2,Clean: Settled
CFTXN101644,22-01-2026,Cult Indiranagar,Cultpass PRO,Debit Card,9601.51,Settled,96.02,1,9504.49,2,Clean: Settled
CFTXN101645,09-03-2026,Cult Gurugram Cyberhub,Cultpass PRO,Credit Card,9663.85,Settled,193.28,2.5,9468.07,3,Clean: Settled
CFTXN101646,20-01-2026,Cult HSR Layout,Cultpass ELITE,Debit Card,16698,Failed,166.98,1,0,2,Leakage: Gateway Drop
CFTXN101647,09-03-2026,Cult Indiranagar,Cultpass PLAY,UPI,8625.54,Settled,0,0,8625.54,0,Clean: Settled
CFTXN101648,05-03-2026,Cult Koramangala,Cultpass ELITE,UPI,14740.91,Pending,0,0,0,0,At Risk: In-Transit Float
CFTXN101649,17-01-2026,Cult Indiranagar,Cultpass LIVE,UPI,4691.33,Failed,0,0,0,0,Leakage: Gateway Drop
CFTXN101650,12-01-2026,Cult HSR Layout,Cultpass PRO,Credit Card,8399.83,Settled,168,2.5,8229.33,3,Clean: Settled
CFTXN101651,22-01-2026,Cult Koramangala,Cultpass ELITE,Credit Card,13532.12,Failed,270.64,2.5,0,3,Leakage: Gateway Drop
CFTXN101652,17-01-2026,Cult Whitefield,Cultpass ELITE,UPI,16967.86,Failed,0,0,0,0,Leakage: Gateway Drop
CFTXN101653,10-01-2026,Cult HSR Layout,Cultpass PRO,Net Banking,9322.98,Settled,139.84,3,9180.14,1,Clean: Settled
CFTXN101654,06-03-2026,Cult Koramangala,Cultpass ELITE,Credit Card,17887.09,Settled,357.74,2.5,17526.85,3,Clean: Settled
CFTXN101655,22-01-2026,Cult Gurugram Cyberhub,Cultpass PLAY,Debit Card,7631.89,Settled,76.32,1,7554.57,2,Clean: Settled
CFTXN101656,31-03-2026,Cult Indiranagar,Cultpass PRO,Credit Card,10771.77,Settled,215.44,2.5,10553.83,3,Clean: Settled
CFTXN101657,23-03-2026,Cult Koramangala,Cultpass PLAY,Credit Card,7408.07,Settled,148.16,2.5,7257.41,3,Clean: Settled
CFTXN101658,19-02-2026,Cult Indiranagar,Cultpass ELITE,Credit Card,14549.72,Settled,290.99,2.5,14256.23,3,Clean: Settled
CFTXN101659,14-01-2026,Cult Gurugram Cyberhub,Cultpass LIVE,Credit Card,3765.77,Settled,75.32,2.5,3687.95,3,Clean: Settled
CFTXN101660,05-03-2026,Cult Koramangala,Cultpass PRO,UPI,10516.76,Settled,0,0,10516.76,0,Clean: Settled
CFTXN101661,16-02-2026,Cult Whitefield,Cultpass LIVE,Debit Card,4095.04,Settled,40.95,1,4053.09,2,Clean: Settled
CFTXN101662,29-01-2026,Cult HSR Layout,Cultpass ELITE,Credit Card,17662.67,Settled,353.25,2.5,17306.92,3,Clean: Settled
CFTXN101663,17-03-2026,Cult Koramangala,Cultpass PRO,Credit Card,8878.12,Failed,177.56,2.5,0,3,Leakage: Gateway Drop
CFTXN101664,05-02-2026,Cult Gurugram Cyberhub,Cultpass PRO,UPI,8351.97,Settled,0,0,8351.97,0,Clean: Settled
CFTXN101665,21-02-2026,Cult Koramangala,Cultpass LIVE,Credit Card,3786.52,Failed,75.73,2.5,0,3,Leakage: Gateway Drop
CFTXN101666,17-03-2026,Cult Indiranagar,Cultpass ELITE,UPI,15700.28,Settled,0,0,15700.28,0,Clean: Settled
CFTXN101667,07-01-2026,Cult Koramangala,Cultpass PLAY,Credit Card,9012.8,Pending,180.26,2.5,0,3,At Risk: In-Transit Float
CFTXN101668,29-01-2026,Cult Whitefield,Cultpass ELITE,UPI,14077.18,Failed,0,0,0,0,Leakage: Gateway Drop
CFTXN101669,11-01-2026,Cult Koramangala,Cultpass LIVE,Credit Card,4307.57,Pending,86.15,2.5,0,3,At Risk: In-Transit Float
CFTXN101670,02-02-2026,Cult HSR Layout,Cultpass PLAY,Credit Card,7225.7,Settled,144.51,2.5,7078.69,3,Clean: Settled
CFTXN101671,06-01-2026,Cult Koramangala,Cultpass LIVE,Credit Card,4234.44,Pending,84.69,2.5,0,3,At Risk: In-Transit Float
CFTXN101672,20-03-2026,Cult Indiranagar,Cultpass PRO,Credit Card,11096.83,Pending,221.94,2.5,0,3,At Risk: In-Transit Float
CFTXN101673,01-02-2026,Cult Koramangala,Cultpass PRO,Debit Card,8809.75,Settled,88.1,1,8720.65,2,Clean: Settled
CFTXN101674,20-02-2026,Cult Whitefield,Cultpass PLAY,UPI,7414.85,Failed,0,0,0,0,Leakage: Gateway Drop
CFTXN101675,16-03-2026,Cult Gurugram Cyberhub,Cultpass ELITE,Credit Card,17959.59,Settled,359.19,2.5,17597.9,3,Clean: Settled
CFTXN101676,27-02-2026,Cult Koramangala,Cultpass PRO,Credit Card,11039.95,Settled,220.8,2.5,10816.65,3,Clean: Settled
CFTXN101677,28-03-2026,Cult Koramangala,Cultpass PRO,Debit Card,9976.24,Settled,99.76,1,9875.48,2,Clean: Settled
CFTXN101678,26-01-2026,Cult HSR Layout,Cultpass LIVE,UPI,4033.26,Settled,0,0,4033.26,0,Clean: Settled
CFTXN101679,15-02-2026,Cult Whitefield,Cultpass ELITE,Cash,13707.6,Settled,0,0,13707.6,0,Clean: Settled
CFTXN101680,29-01-2026,Cult Gurugram Cyberhub,Cultpass PRO,UPI,9810.23,Settled,0,0,9810.23,0,Clean: Settled
CFTXN101681,04-01-2026,Cult Indiranagar,Cultpass LIVE,Debit Card,4696.36,Pending,46.96,1,0,2,At Risk: In-Transit Float
CFTXN101682,22-03-2026,Cult Koramangala,Cultpass ELITE,UPI,16111.05,Settled,0,0,16111.05,0,Clean: Settled
CFTXN101683,13-01-2026,Cult Gurugram Cyberhub,Cultpass PLAY,Net Banking,7015.15,Pending,105.23,3,0,1,At Risk: In-Transit Float
CFTXN101684,08-02-2026,Cult Indiranagar,Cultpass ELITE,UPI,13208.78,Failed,0,0,0,0,Leakage: Gateway Drop
CFTXN101685,15-01-2026,Cult Whitefield,Cultpass ELITE,Credit Card,13591.25,Settled,271.83,2.5,13316.92,3,Clean: Settled
CFTXN101686,29-01-2026,Cult Whitefield,Cultpass ELITE,Credit Card,13018.56,Settled,260.37,2.5,12755.69,3,Clean: Settled
CFTXN101687,29-01-2026,Cult Gurugram Cyberhub,Cultpass ELITE,Credit Card,12573.84,Pending,251.48,2.5,0,3,At Risk: In-Transit Float
CFTXN101688,16-03-2026,Cult Indiranagar,Cultpass PLAY,Debit Card,7466.98,Settled,74.67,1,7391.31,2,Clean: Settled
CFTXN101689,01-02-2026,Cult Whitefield,Cultpass ELITE,UPI,12679.8,Failed,0,0,0,0,Leakage: Gateway Drop
CFTXN101690,02-01-2026,Cult Gurugram Cyberhub,Cultpass PRO,Debit Card,8601.69,Settled,86.02,1,8514.67,2,Clean: Settled
CFTXN101691,16-02-2026,Cult Whitefield,Cultpass ELITE,Credit Card,15283.95,Settled,305.68,2.5,14975.77,3,Clean: Settled
CFTXN101692,19-03-2026,Cult Whitefield,Cultpass PRO,UPI,8576.1,Settled,0,0,8576.1,0,Clean: Settled
CFTXN101693,25-03-2026,Cult Whitefield,Cultpass PRO,UPI,8223.58,Settled,0,0,8223.58,0,Clean: Settled
CFTXN101694,22-01-2026,Cult HSR Layout,Cultpass ELITE,Credit Card,13904.33,Settled,278.09,2.5,13623.74,3,Clean: Settled
CFTXN101695,16-03-2026,Cult Indiranagar,Cultpass ELITE,UPI,13321.91,Settled,0,0,13321.91,0,Clean: Settled
CFTXN101696,27-01-2026,Cult Gurugram Cyberhub,Cultpass PLAY,Debit Card,7803.57,Pending,78.04,1,0,2,At Risk: In-Transit Float
CFTXN101697,08-03-2026,Cult Gurugram Cyberhub,Cultpass ELITE,Net Banking,12614.2,Settled,189.21,3,12421.99,1,Clean: Settled
CFTXN101698,22-03-2026,Cult Indiranagar,Cultpass PRO,UPI,10631.2,Settled,0,0,10631.2,0,Clean: Settled
CFTXN101699,25-02-2026,Cult Indiranagar,Cultpass ELITE,Debit Card,17437.4,Settled,174.37,1,17262.03,2,Clean: Settled
CFTXN101700,21-01-2026,Cult Indiranagar,Cultpass LIVE,UPI,4486.87,Failed,0,0,0,0,Leakage: Gateway Drop
CFTXN101701,16-02-2026,Cult Indiranagar,Cultpass ELITE,Net Banking,15196.96,Settled,227.95,3,14966.01,1,Clean: Settled
CFTXN101702,21-03-2026,Cult Koramangala,Cultpass PRO,Debit Card,11012.34,Settled,110.12,1,10901.22,2,Clean: Settled
CFTXN101703,28-02-2026,Cult Gurugram Cyberhub,Cultpass ELITE,Credit Card,16169.51,Settled,323.39,2.5,15843.62,3,Clean: Settled
CFTXN101704,25-03-2026,Cult Koramangala,Cultpass PLAY,UPI,6036.93,Settled,0,0,6036.93,0,Clean: Settled
CFTXN101705,06-01-2026,Cult Whitefield,Cultpass ELITE,Credit Card,14364.54,Settled,287.29,2.5,14074.75,3,Clean: Settled
CFTXN101706,19-01-2026,Cult Whitefield,Cultpass LIVE,Debit Card,4701.9,Failed,47.02,1,0,2,Leakage: Gateway Drop
CFTXN101707,26-02-2026,Cult Gurugram Cyberhub,Cultpass PRO,Net Banking,9210.51,Settled,138.16,3,9069.35,1,Clean: Settled
CFTXN101708,10-03-2026,Cult Whitefield,Cultpass ELITE,UPI,12211.29,Settled,0,0,12211.29,0,Clean: Settled
CFTXN101709,03-01-2026,Cult Indiranagar,Cultpass LIVE,Debit Card,4492.36,Settled,44.92,1,4446.44,2,Clean: Settled
CFTXN101710,01-01-2026,Cult Koramangala,Cultpass ELITE,Credit Card,16812.23,Settled,336.24,2.5,16473.49,3,Clean: Settled
CFTXN101711,27-02-2026,Cult Indiranagar,Cultpass PLAY,Debit Card,6562.08,Settled,65.62,1,6495.46,2,Clean: Settled
CFTXN101712,07-02-2026,Cult Whitefield,Cultpass PLAY,Credit Card,7880.69,Pending,157.61,2.5,0,3,At Risk: In-Transit Float
CFTXN101713,15-01-2026,Cult Koramangala,Cultpass PLAY,Credit Card,6671.84,Failed,133.44,2.5,0,3,Leakage: Gateway Drop
CFTXN101714,03-02-2026,Cult Indiranagar,Cultpass ELITE,UPI,16315.41,Failed,0,0,0,0,Leakage: Gateway Drop
CFTXN101715,02-03-2026,Cult Gurugram Cyberhub,Cultpass LIVE,Credit Card,3543.1,Settled,70.86,2.5,3469.74,3,Clean: Settled
CFTXN101716,04-02-2026,Cult Indiranagar,Cultpass PRO,Debit Card,9106.75,Pending,91.07,1,0,2,At Risk: In-Transit Float
CFTXN101717,05-03-2026,Cult Whitefield,Cultpass PLAY,Debit Card,8957.4,Settled,89.57,1,8866.83,2,Clean: Settled
CFTXN101718,25-01-2026,Cult Koramangala,Cultpass PRO,Cash,9667.13,Settled,0,0,9667.13,0,Clean: Settled
CFTXN101719,24-01-2026,Cult Gurugram Cyberhub,Cultpass LIVE,Debit Card,4339.51,Settled,43.4,1,4295.11,2,Clean: Settled
CFTXN101720,12-01-2026,Cult Koramangala,Cultpass PRO,Credit Card,9408.31,Failed,188.17,2.5,0,3,Leakage: Gateway Drop
CFTXN101721,18-01-2026,Cult Gurugram Cyberhub,Cultpass PRO,Credit Card,9043.02,Settled,180.86,2.5,8859.66,3,Clean: Settled
CFTXN101722,15-01-2026,Cult Koramangala,Cultpass ELITE,UPI,15752.87,Settled,0,0,15752.87,0,Clean: Settled
CFTXN101723,21-03-2026,Cult Whitefield,Cultpass LIVE,UPI,3309.72,Settled,0,0,3309.72,0,Clean: Settled
CFTXN101724,27-01-2026,Cult Gurugram Cyberhub,Cultpass PRO,Debit Card,9305.5,Settled,93.06,1,9211.44,2,Clean: Settled
CFTXN101725,13-03-2026,Cult HSR Layout,Cultpass PRO,Debit Card,8731.63,Settled,87.32,1,8643.31,2,Clean: Settled
CFTXN101726,01-03-2026,Cult Koramangala,Cultpass LIVE,Credit Card,4391.59,Failed,87.83,2.5,0,3,Leakage: Gateway Drop
CFTXN101727,15-02-2026,Cult Koramangala,Cultpass PRO,Debit Card,11304.73,Settled,113.05,1,11190.68,2,Clean: Settled
CFTXN101728,30-03-2026,Cult Indiranagar,Cultpass ELITE,Debit Card,17973.07,Settled,179.73,1,17792.34,2,Clean: Settled
CFTXN101729,17-01-2026,Cult Gurugram Cyberhub,Cultpass PRO,Credit Card,9575.97,Settled,191.52,2.5,9381.95,3,Clean: Settled
CFTXN101730,22-02-2026,Cult HSR Layout,Cultpass PRO,Credit Card,8883.86,Settled,177.68,2.5,8703.68,3,Clean: Settled
CFTXN101731,08-01-2026,Cult Whitefield,Cultpass PRO,Credit Card,9549.9,Settled,191,2.5,9356.4,3,Clean: Settled
CFTXN101732,20-03-2026,Cult Indiranagar,Cultpass ELITE,Credit Card,17083.62,Settled,341.67,2.5,16739.45,3,Clean: Settled
CFTXN101733,27-01-2026,Cult HSR Layout,Cultpass ELITE,UPI,13236.03,Pending,0,0,0,0,At Risk: In-Transit Float
CFTXN101734,15-02-2026,Cult Gurugram Cyberhub,Cultpass ELITE,Credit Card,17712.57,Settled,354.25,2.5,17355.82,3,Clean: Settled
CFTXN101735,19-02-2026,Cult HSR Layout,Cultpass LIVE,Credit Card,3683.73,Pending,73.67,2.5,0,3,At Risk: In-Transit Float
CFTXN101736,12-03-2026,Cult Koramangala,Cultpass ELITE,Credit Card,17914.82,Settled,358.3,2.5,17554.02,3,Clean: Settled
CFTXN101737,03-01-2026,Cult Koramangala,Cultpass PRO,Cash,10935.13,Settled,0,0,10935.13,0,Clean: Settled
CFTXN101738,05-03-2026,Cult Indiranagar,Cultpass PLAY,Net Banking,8830,Settled,132.45,3,8694.55,1,Clean: Settled
CFTXN101739,13-02-2026,Cult Gurugram Cyberhub,Cultpass ELITE,Credit Card,13907.43,Settled,278.15,2.5,13626.78,3,Clean: Settled
CFTXN101740,22-02-2026,Cult Gurugram Cyberhub,Cultpass PRO,Credit Card,8030.72,Pending,160.61,2.5,0,3,At Risk: In-Transit Float
CFTXN101741,24-01-2026,Cult HSR Layout,Cultpass LIVE,Credit Card,3764.27,Settled,75.29,2.5,3686.48,3,Clean: Settled
CFTXN101742,01-03-2026,Cult Indiranagar,Cultpass PLAY,Debit Card,7056.33,Settled,70.56,1,6984.77,2,Clean: Settled
CFTXN101743,03-01-2026,Cult Gurugram Cyberhub,Cultpass LIVE,Credit Card,3074.79,Pending,61.5,2.5,0,3,At Risk: In-Transit Float
CFTXN101744,20-01-2026,Cult Koramangala,Cultpass LIVE,UPI,4010.73,Pending,0,0,0,0,At Risk: In-Transit Float
CFTXN101745,15-02-2026,Cult HSR Layout,Cultpass LIVE,Debit Card,3806.06,Pending,38.06,1,0,2,At Risk: In-Transit Float
CFTXN101746,15-01-2026,Cult Whitefield,Cultpass PRO,Net Banking,10220.95,Settled,153.31,3,10064.64,1,Clean: Settled
CFTXN101747,25-01-2026,Cult Koramangala,Cultpass LIVE,Credit Card,4242.37,Settled,84.85,2.5,4155.02,3,Clean: Settled
CFTXN101748,19-03-2026,Cult Indiranagar,Cultpass ELITE,UPI,12724.48,Settled,0,0,12724.48,0,Clean: Settled
CFTXN101749,12-03-2026,Cult Gurugram Cyberhub,Cultpass PLAY,UPI,9419.38,Settled,0,0,9419.38,0,Clean: Settled
CFTXN101750,17-01-2026,Cult Koramangala,Cultpass PRO,Credit Card,8654.26,Settled,173.09,2.5,8478.67,3,Clean: Settled
CFTXN101751,25-03-2026,Cult Whitefield,Cultpass PRO,Debit Card,9558.46,Settled,95.58,1,9461.88,2,Clean: Settled
CFTXN101752,09-01-2026,Cult Whitefield,Cultpass ELITE,Credit Card,14928.71,Settled,298.57,2.5,14627.64,3,Clean: Settled
CFTXN101753,07-02-2026,Cult Indiranagar,Cultpass LIVE,Credit Card,4626.13,Settled,92.52,2.5,4531.11,3,Clean: Settled
CFTXN101754,17-02-2026,Cult Koramangala,Cultpass ELITE,Credit Card,12595.38,Settled,251.91,2.5,12340.97,3,Clean: Settled
CFTXN101755,01-03-2026,Cult HSR Layout,Cultpass PLAY,UPI,7500.25,Settled,0,0,7500.25,0,Clean: Settled
CFTXN101756,04-03-2026,Cult Koramangala,Cultpass LIVE,Debit Card,4257,Pending,42.57,1,0,2,At Risk: In-Transit Float
CFTXN101757,27-03-2026,Cult Whitefield,Cultpass ELITE,Net Banking,13290.93,Settled,199.36,3,13088.57,1,Clean: Settled
CFTXN101758,02-01-2026,Cult Indiranagar,Cultpass LIVE,Credit Card,4254.94,Settled,85.1,2.5,4167.34,3,Clean: Settled
CFTXN101759,29-03-2026,Cult Indiranagar,Cultpass LIVE,Cash,4847.33,Settled,0,0,4847.33,0,Clean: Settled
CFTXN101760,13-03-2026,Cult HSR Layout,Cultpass PRO,Credit Card,11491.31,Pending,229.83,2.5,0,3,At Risk: In-Transit Float
CFTXN101761,11-01-2026,Cult Indiranagar,Cultpass ELITE,UPI,12194.71,Pending,0,0,0,0,At Risk: In-Transit Float
CFTXN101762,05-03-2026,Cult Indiranagar,Cultpass ELITE,Credit Card,13413.53,Settled,268.27,2.5,13142.76,3,Clean: Settled
CFTXN101763,18-03-2026,Cult Indiranagar,Cultpass ELITE,Credit Card,13861.84,Settled,277.24,2.5,13582.1,3,Clean: Settled
CFTXN101764,22-03-2026,Cult Indiranagar,Cultpass ELITE,Net Banking,14394.76,Failed,215.92,3,0,1,Leakage: Gateway Drop
CFTXN101765,13-03-2026,Cult Indiranagar,Cultpass PLAY,Credit Card,6847.9,Settled,136.96,2.5,6708.44,3,Clean: Settled
CFTXN101766,21-01-2026,Cult Whitefield,Cultpass ELITE,UPI,13220.93,Failed,0,0,0,0,Leakage: Gateway Drop
CFTXN101767,18-01-2026,Cult Koramangala,Cultpass LIVE,UPI,4909.11,Pending,0,0,0,0,At Risk: In-Transit Float
CFTXN101768,05-03-2026,Cult Gurugram Cyberhub,Cultpass ELITE,Debit Card,17511.13,Failed,175.11,1,0,2,Leakage: Gateway Drop
CFTXN101769,23-03-2026,Cult Indiranagar,Cultpass PRO,Debit Card,8164.47,Pending,81.64,1,0,2,At Risk: In-Transit Float
CFTXN101770,07-02-2026,Cult Gurugram Cyberhub,Cultpass LIVE,UPI,3677.63,Failed,0,0,0,0,Leakage: Gateway Drop
CFTXN101771,01-02-2026,Cult Gurugram Cyberhub,Cultpass PLAY,Credit Card,7418.02,Pending,148.36,2.5,0,3,At Risk: In-Transit Float
CFTXN101772,11-01-2026,Cult Whitefield,Cultpass ELITE,UPI,13434.09,Pending,0,0,0,0,At Risk: In-Transit Float
CFTXN101773,14-02-2026,Cult Indiranagar,Cultpass PRO,Net Banking,10201.06,Settled,153.02,3,10045.04,1,Clean: Settled
CFTXN101774,30-03-2026,Cult Gurugram Cyberhub,Cultpass PRO,Credit Card,10241.33,Settled,204.83,2.5,10034,3,Clean: Settled
CFTXN101775,02-02-2026,Cult Indiranagar,Cultpass ELITE,Credit Card,17103.03,Pending,342.06,2.5,0,3,At Risk: In-Transit Float
CFTXN101776,10-02-2026,Cult HSR Layout,Cultpass ELITE,UPI,16445.22,Settled,0,0,16445.22,0,Clean: Settled
CFTXN101777,08-01-2026,Cult HSR Layout,Cultpass PRO,Debit Card,9899.01,Settled,98.99,1,9799.02,2,Clean: Settled
CFTXN101778,11-01-2026,Cult HSR Layout,Cultpass PRO,Debit Card,10287.55,Settled,102.88,1,10183.67,2,Clean: Settled
CFTXN101779,27-03-2026,Cult Gurugram Cyberhub,Cultpass LIVE,Credit Card,3547.98,Pending,70.96,2.5,0,3,At Risk: In-Transit Float
CFTXN101780,20-02-2026,Cult HSR Layout,Cultpass ELITE,Debit Card,15558.34,Pending,155.58,1,0,2,At Risk: In-Transit Float
CFTXN101781,29-03-2026,Cult Whitefield,Cultpass PRO,Credit Card,9712.3,Pending,194.25,2.5,0,3,At Risk: In-Transit Float
CFTXN101782,10-02-2026,Cult Whitefield,Cultpass PRO,Debit Card,8466.71,Failed,84.67,1,0,2,Leakage: Gateway Drop
CFTXN101783,17-01-2026,Cult Gurugram Cyberhub,Cultpass LIVE,UPI,3485.09,Pending,0,0,0,0,At Risk: In-Transit Float
CFTXN101784,17-03-2026,Cult Indiranagar,Cultpass PLAY,Credit Card,7020.93,Pending,140.42,2.5,0,3,At Risk: In-Transit Float
CFTXN101785,15-02-2026,Cult Koramangala,Cultpass PRO,Debit Card,11235.08,Settled,112.35,1,11121.73,2,Clean: Settled
CFTXN101786,01-02-2026,Cult Indiranagar,Cultpass LIVE,Cash,3460.77,Settled,0,0,3460.77,0,Clean: Settled
CFTXN101787,20-03-2026,Cult Indiranagar,Cultpass ELITE,UPI,13735.46,Settled,0,0,13735.46,0,Clean: Settled
CFTXN101788,21-03-2026,Cult Indiranagar,Cultpass PRO,UPI,9292.74,Settled,0,0,9292.74,0,Clean: Settled
CFTXN101789,23-02-2026,Cult Indiranagar,Cultpass ELITE,Debit Card,15982.46,Settled,159.82,1,15821.64,2,Clean: Settled
CFTXN101790,27-03-2026,Cult Koramangala,Cultpass PRO,UPI,8413.83,Pending,0,0,0,0,At Risk: In-Transit Float
CFTXN101791,20-01-2026,Cult HSR Layout,Cultpass LIVE,Credit Card,4907.89,Settled,98.16,2.5,4807.23,3,Clean: Settled
CFTXN101792,02-02-2026,Cult Indiranagar,Cultpass PLAY,Credit Card,9029.5,Settled,180.59,2.5,8846.41,3,Clean: Settled
CFTXN101793,15-03-2026,Cult Whitefield,Cultpass ELITE,Credit Card,15463.3,Settled,309.27,2.5,15151.53,3,Clean: Settled
CFTXN101794,09-02-2026,Cult Gurugram Cyberhub,Cultpass PRO,Debit Card,10359.13,Settled,103.59,1,10254.54,2,Clean: Settled
CFTXN101795,01-02-2026,Cult Gurugram Cyberhub,Cultpass PRO,UPI,8058.31,Pending,0,0,0,0,At Risk: In-Transit Float
CFTXN101796,02-01-2026,Cult Whitefield,Cultpass ELITE,Credit Card,14033.67,Pending,280.67,2.5,0,3,At Risk: In-Transit Float
CFTXN101797,02-02-2026,Cult Indiranagar,Cultpass ELITE,UPI,16773.96,Settled,0,0,16773.96,0,Clean: Settled
CFTXN101798,18-03-2026,Cult Koramangala,Cultpass ELITE,UPI,12464.9,Settled,0,0,12464.9,0,Clean: Settled
CFTXN101799,30-01-2026,Cult HSR Layout,Cultpass ELITE,UPI,13693.88,Settled,0,0,13693.88,0,Clean: Settled
CFTXN101800,02-02-2026,Cult Gurugram Cyberhub,Cultpass ELITE,Debit Card,15511.78,Failed,155.12,1,0,2,Leakage: Gateway Drop
CFTXN101801,18-03-2026,Cult HSR Layout,Cultpass ELITE,UPI,13538.48,Settled,0,0,13538.48,0,Clean: Settled
CFTXN101802,26-01-2026,Cult Koramangala,Cultpass ELITE,Credit Card,17603.87,Pending,352.08,2.5,0,3,At Risk: In-Transit Float
CFTXN101803,22-01-2026,Cult Gurugram Cyberhub,Cultpass LIVE,Credit Card,3262.12,Settled,65.24,2.5,3194.38,3,Clean: Settled
CFTXN101804,07-03-2026,Cult HSR Layout,Cultpass PRO,Cash,10790.88,Settled,0,0,10790.88,0,Clean: Settled
CFTXN101805,07-02-2026,Cult Koramangala,Cultpass PLAY,Credit Card,7777.82,Pending,155.56,2.5,0,3,At Risk: In-Transit Float
CFTXN101806,31-03-2026,Cult HSR Layout,Cultpass PRO,Credit Card,10626.16,Settled,212.52,2.5,10411.14,3,Clean: Settled
CFTXN101807,15-02-2026,Cult Indiranagar,Cultpass LIVE,Net Banking,3621.43,Settled,54.32,3,3564.11,1,Clean: Settled
CFTXN101808,15-01-2026,Cult Koramangala,Cultpass PLAY,Credit Card,7800.71,Settled,156.01,2.5,7642.2,3,Clean: Settled
CFTXN101809,13-02-2026,Cult HSR Layout,Cultpass PRO,UPI,10998.92,Settled,0,0,10998.92,0,Clean: Settled
CFTXN101810,18-02-2026,Cult Indiranagar,Cultpass PRO,Credit Card,9634.07,Settled,192.68,2.5,9438.89,3,Clean: Settled
CFTXN101811,16-03-2026,Cult Indiranagar,Cultpass LIVE,Debit Card,3719.44,Settled,37.19,1,3681.25,2,Clean: Settled
CFTXN101812,02-03-2026,Cult Koramangala,Cultpass ELITE,Credit Card,15216.93,Pending,304.34,2.5,0,3,At Risk: In-Transit Float
CFTXN101813,08-03-2026,Cult Whitefield,Cultpass ELITE,Credit Card,16304.18,Settled,326.08,2.5,15975.6,3,Clean: Settled
CFTXN101814,06-01-2026,Cult Gurugram Cyberhub,Cultpass PRO,Debit Card,9552.47,Settled,95.52,1,9455.95,2,Clean: Settled
CFTXN101815,09-01-2026,Cult Koramangala,Cultpass PRO,UPI,11286.07,Settled,0,0,11286.07,0,Clean: Settled
CFTXN101816,06-01-2026,Cult Indiranagar,Cultpass ELITE,Debit Card,13769.67,Settled,137.7,1,13630.97,2,Clean: Settled
CFTXN101817,14-03-2026,Cult Indiranagar,Cultpass PLAY,Net Banking,7664.12,Failed,114.96,3,0,1,Leakage: Gateway Drop
CFTXN101818,01-02-2026,Cult Koramangala,Cultpass PRO,Credit Card,10649.25,Settled,212.99,2.5,10433.76,3,Clean: Settled
CFTXN101819,10-02-2026,Cult Whitefield,Cultpass PRO,Debit Card,10411.92,Settled,104.12,1,10306.8,2,Clean: Settled
CFTXN101820,17-03-2026,Cult Gurugram Cyberhub,Cultpass PLAY,UPI,9022.74,Settled,0,0,9022.74,0,Clean: Settled
CFTXN101821,08-01-2026,Cult HSR Layout,Cultpass PRO,Net Banking,11488.83,Settled,172.33,3,11313.5,1,Clean: Settled
CFTXN101822,13-03-2026,Cult Koramangala,Cultpass PLAY,Credit Card,7494,Pending,149.88,2.5,0,3,At Risk: In-Transit Float
CFTXN101823,19-02-2026,Cult Gurugram Cyberhub,Cultpass PRO,UPI,8389.03,Settled,0,0,8389.03,0,Clean: Settled
CFTXN101824,03-03-2026,Cult Gurugram Cyberhub,Cultpass ELITE,Net Banking,12182.5,Pending,182.74,3,0,1,At Risk: In-Transit Float
CFTXN101825,25-03-2026,Cult Indiranagar,Cultpass LIVE,Credit Card,4453.75,Settled,89.08,2.5,4362.17,3,Clean: Settled
CFTXN101826,03-03-2026,Cult HSR Layout,Cultpass PRO,Net Banking,11059.05,Settled,165.89,3,10890.16,1,Clean: Settled
CFTXN101827,07-01-2026,Cult Koramangala,Cultpass LIVE,Credit Card,3441.43,Settled,68.83,2.5,3370.1,3,Clean: Settled
CFTXN101828,16-03-2026,Cult Indiranagar,Cultpass PLAY,UPI,6554.57,Pending,0,0,0,0,At Risk: In-Transit Float
CFTXN101829,25-03-2026,Cult Indiranagar,Cultpass LIVE,Net Banking,3124.41,Settled,46.87,3,3074.54,1,Clean: Settled
CFTXN101830,21-03-2026,Cult Whitefield,Cultpass PRO,UPI,10879.46,Pending,0,0,0,0,At Risk: In-Transit Float
CFTXN101831,04-01-2026,Cult Gurugram Cyberhub,Cultpass PLAY,Debit Card,7089.84,Settled,70.9,1,7017.94,2,Clean: Settled
CFTXN101832,06-01-2026,Cult Koramangala,Cultpass PRO,Credit Card,9405.94,Settled,188.12,2.5,9215.32,3,Clean: Settled
CFTXN101833,27-02-2026,Cult Koramangala,Cultpass PRO,Net Banking,9759.63,Settled,146.39,3,9610.24,1,Clean: Settled
CFTXN101834,22-01-2026,Cult Koramangala,Cultpass PLAY,Debit Card,8938.09,Settled,89.38,1,8847.71,2,Clean: Settled
CFTXN101835,26-01-2026,Cult Indiranagar,Cultpass ELITE,Credit Card,15905,Settled,318.1,2.5,15584.4,3,Clean: Settled
CFTXN101836,03-01-2026,Cult Whitefield,Cultpass LIVE,UPI,4230.13,Settled,0,0,4230.13,0,Clean: Settled
CFTXN101837,10-02-2026,Cult HSR Layout,Cultpass PLAY,Debit Card,6614.85,Failed,66.15,1,0,2,Leakage: Gateway Drop
CFTXN101838,01-03-2026,Cult Indiranagar,Cultpass LIVE,Credit Card,4026.38,Failed,80.53,2.5,0,3,Leakage: Gateway Drop
CFTXN101839,14-01-2026,Cult HSR Layout,Cultpass PRO,Credit Card,10503.83,Failed,210.08,2.5,0,3,Leakage: Gateway Drop
CFTXN101840,16-03-2026,Cult Whitefield,Cultpass LIVE,Credit Card,4946.52,Settled,98.93,2.5,4845.09,3,Clean: Settled
CFTXN101841,23-03-2026,Cult Gurugram Cyberhub,Cultpass PRO,UPI,8704.92,Settled,0,0,8704.92,0,Clean: Settled
CFTXN101842,12-01-2026,Cult Koramangala,Cultpass PLAY,UPI,6033.4,Settled,0,0,6033.4,0,Clean: Settled
CFTXN101843,28-03-2026,Cult HSR Layout,Cultpass ELITE,Debit Card,12451.81,Settled,124.52,1,12326.29,2,Clean: Settled
CFTXN101844,12-01-2026,Cult Indiranagar,Cultpass ELITE,UPI,14255.11,Pending,0,0,0,0,At Risk: In-Transit Float
CFTXN101845,13-01-2026,Cult HSR Layout,Cultpass ELITE,Net Banking,16923.27,Settled,253.85,3,16666.42,1,Clean: Settled
CFTXN101846,25-01-2026,Cult Gurugram Cyberhub,Cultpass PRO,UPI,8025,Pending,0,0,0,0,At Risk: In-Transit Float
CFTXN101847,14-02-2026,Cult Koramangala,Cultpass PRO,Credit Card,9598.56,Settled,191.97,2.5,9404.09,3,Clean: Settled
CFTXN101848,19-01-2026,Cult HSR Layout,Cultpass LIVE,UPI,3658.46,Settled,0,0,3658.46,0,Clean: Settled
CFTXN101849,24-02-2026,Cult Gurugram Cyberhub,Cultpass PRO,Debit Card,8183.69,Failed,81.84,1,0,2,Leakage: Gateway Drop
CFTXN101850,14-02-2026,Cult Indiranagar,Cultpass PRO,UPI,9575.83,Settled,0,0,9575.83,0,Clean: Settled
CFTXN101851,08-01-2026,Cult Whitefield,Cultpass ELITE,UPI,13528.49,Settled,0,0,13528.49,0,Clean: Settled
CFTXN101852,22-02-2026,Cult Indiranagar,Cultpass PRO,Debit Card,9231.6,Settled,92.32,1,9138.28,2,Clean: Settled
CFTXN101853,24-02-2026,Cult Koramangala,Cultpass PRO,Net Banking,10469.65,Pending,157.04,3,0,1,At Risk: In-Transit Float
CFTXN101854,01-02-2026,Cult Indiranagar,Cultpass ELITE,Credit Card,15129.31,Settled,302.59,2.5,14824.22,3,Clean: Settled
CFTXN101855,20-02-2026,Cult Indiranagar,Cultpass ELITE,UPI,12747.88,Settled,0,0,12747.88,0,Clean: Settled
CFTXN101856,13-02-2026,Cult Indiranagar,Cultpass ELITE,Credit Card,17768.49,Settled,355.37,2.5,17410.62,3,Clean: Settled
CFTXN101857,23-03-2026,Cult Indiranagar,Cultpass ELITE,Net Banking,15815.46,Settled,237.23,3,15575.23,1,Clean: Settled
CFTXN101858,11-03-2026,Cult Koramangala,Cultpass PRO,Credit Card,10680.54,Failed,213.61,2.5,0,3,Leakage: Gateway Drop
CFTXN101859,18-01-2026,Cult Gurugram Cyberhub,Cultpass ELITE,Credit Card,12475.28,Failed,249.51,2.5,0,3,Leakage: Gateway Drop
CFTXN101860,24-03-2026,Cult HSR Layout,Cultpass LIVE,Credit Card,3094.12,Settled,61.88,2.5,3029.74,3,Clean: Settled
CFTXN101861,22-01-2026,Cult Whitefield,Cultpass LIVE,Debit Card,3038.9,Settled,30.39,1,3007.51,2,Clean: Settled
CFTXN101862,06-02-2026,Cult HSR Layout,Cultpass PRO,Credit Card,8660.78,Settled,173.22,2.5,8485.06,3,Clean: Settled
CFTXN101863,25-02-2026,Cult HSR Layout,Cultpass PLAY,UPI,7450.43,Settled,0,0,7450.43,0,Clean: Settled
CFTXN101864,28-02-2026,Cult Whitefield,Cultpass PRO,Debit Card,11275.39,Pending,112.75,1,0,2,At Risk: In-Transit Float
CFTXN101865,03-01-2026,Cult Koramangala,Cultpass PRO,Credit Card,9599.71,Settled,191.99,2.5,9405.22,3,Clean: Settled
CFTXN101866,28-01-2026,Cult Whitefield,Cultpass PLAY,Credit Card,7015.89,Pending,140.32,2.5,0,3,At Risk: In-Transit Float
CFTXN101867,15-03-2026,Cult Koramangala,Cultpass ELITE,UPI,15371.61,Settled,0,0,15371.61,0,Clean: Settled
CFTXN101868,04-02-2026,Cult HSR Layout,Cultpass PLAY,UPI,6391.77,Settled,0,0,6391.77,0,Clean: Settled
CFTXN101869,02-03-2026,Cult Koramangala,Cultpass ELITE,UPI,15657.04,Settled,0,0,15657.04,0,Clean: Settled
CFTXN101870,23-02-2026,Cult Gurugram Cyberhub,Cultpass PRO,UPI,9989.51,Settled,0,0,9989.51,0,Clean: Settled
CFTXN101871,04-03-2026,Cult Whitefield,Cultpass ELITE,Credit Card,16751.96,Settled,335.04,2.5,16414.42,3,Clean: Settled
CFTXN101872,20-03-2026,Cult Gurugram Cyberhub,Cultpass LIVE,Credit Card,4973.38,Settled,99.47,2.5,4871.41,3,Clean: Settled
CFTXN101873,07-01-2026,Cult HSR Layout,Cultpass PRO,Credit Card,8878.06,Settled,177.56,2.5,8698,3,Clean: Settled
CFTXN101874,17-03-2026,Cult Whitefield,Cultpass LIVE,UPI,4019.31,Settled,0,0,4019.31,0,Clean: Settled
CFTXN101875,18-02-2026,Cult HSR Layout,Cultpass ELITE,Cash,17453.19,Pending,0,0,0,0,At Risk: In-Transit Float
CFTXN101876,26-03-2026,Cult Gurugram Cyberhub,Cultpass ELITE,Debit Card,16711.14,Settled,167.11,1,16543.03,2,Clean: Settled
CFTXN101877,31-01-2026,Cult HSR Layout,Cultpass ELITE,Credit Card,14924.44,Failed,298.49,2.5,0,3,Leakage: Gateway Drop
CFTXN101878,27-02-2026,Cult Whitefield,Cultpass ELITE,Credit Card,17672.23,Settled,353.44,2.5,17316.29,3,Clean: Settled
CFTXN101879,02-03-2026,Cult Whitefield,Cultpass PLAY,Credit Card,6200.33,Settled,124.01,2.5,6073.82,3,Clean: Settled
CFTXN101880,24-01-2026,Cult HSR Layout,Cultpass ELITE,UPI,17585.99,Settled,0,0,17585.99,0,Clean: Settled
CFTXN101881,20-01-2026,Cult Whitefield,Cultpass LIVE,Credit Card,3101.01,Settled,62.02,2.5,3036.49,3,Clean: Settled
CFTXN101882,06-02-2026,Cult Whitefield,Cultpass LIVE,Net Banking,4094.61,Settled,61.42,3,4030.19,1,Clean: Settled
CFTXN101883,04-01-2026,Cult HSR Layout,Cultpass ELITE,Debit Card,17342.65,Settled,173.43,1,17168.22,2,Clean: Settled
CFTXN101884,20-01-2026,Cult Gurugram Cyberhub,Cultpass PRO,Net Banking,8919.52,Settled,133.79,3,8782.73,1,Clean: Settled
CFTXN101885,01-03-2026,Cult Whitefield,Cultpass ELITE,UPI,14833.49,Pending,0,0,0,0,At Risk: In-Transit Float
CFTXN101886,24-01-2026,Cult Whitefield,Cultpass ELITE,UPI,13945.97,Settled,0,0,13945.97,0,Clean: Settled
CFTXN101887,19-02-2026,Cult Whitefield,Cultpass ELITE,UPI,17712.86,Settled,0,0,17712.86,0,Clean: Settled
CFTXN101888,18-02-2026,Cult Whitefield,Cultpass PRO,UPI,10882.76,Pending,0,0,0,0,At Risk: In-Transit Float
CFTXN101889,20-02-2026,Cult HSR Layout,Cultpass PRO,UPI,10481.51,Failed,0,0,0,0,Leakage: Gateway Drop
CFTXN101890,05-02-2026,Cult Gurugram Cyberhub,Cultpass PRO,UPI,10056.69,Settled,0,0,10056.69,0,Clean: Settled
CFTXN101891,07-03-2026,Cult Gurugram Cyberhub,Cultpass PRO,UPI,10872.07,Failed,0,0,0,0,Leakage: Gateway Drop
CFTXN101892,20-03-2026,Cult Koramangala,Cultpass ELITE,Cash,14353.6,Failed,0,0,0,0,Leakage: Gateway Drop
CFTXN101893,03-02-2026,Cult Whitefield,Cultpass PRO,UPI,9566.43,Failed,0,0,0,0,Leakage: Gateway Drop
CFTXN101894,05-02-2026,Cult Whitefield,Cultpass LIVE,UPI,4460,Settled,0,0,4460,0,Clean: Settled
CFTXN101895,06-01-2026,Cult Koramangala,Cultpass ELITE,Net Banking,14146.53,Failed,212.2,3,0,1,Leakage: Gateway Drop
CFTXN101896,08-02-2026,Cult Gurugram Cyberhub,Cultpass ELITE,Credit Card,12383.41,Settled,247.67,2.5,12133.24,3,Clean: Settled
CFTXN101897,11-02-2026,Cult Indiranagar,Cultpass LIVE,Credit Card,3148.67,Pending,62.97,2.5,0,3,At Risk: In-Transit Float
CFTXN101898,27-02-2026,Cult Indiranagar,Cultpass ELITE,Debit Card,12692.18,Settled,126.92,1,12564.26,2,Clean: Settled
CFTXN101899,12-01-2026,Cult Gurugram Cyberhub,Cultpass PRO,Debit Card,11043.88,Failed,110.44,1,0,2,Leakage: Gateway Drop
CFTXN101900,03-01-2026,Cult Whitefield,Cultpass ELITE,UPI,14833.36,Settled,0,0,14833.36,0,Clean: Settled
CFTXN101901,18-01-2026,Cult Indiranagar,Cultpass ELITE,Debit Card,16277.29,Pending,162.77,1,0,2,At Risk: In-Transit Float
CFTXN101902,09-02-2026,Cult HSR Layout,Cultpass ELITE,UPI,14357.46,Settled,0,0,14357.46,0,Clean: Settled
CFTXN101903,21-01-2026,Cult HSR Layout,Cultpass ELITE,Debit Card,13552.27,Settled,135.52,1,13415.75,2,Clean: Settled
CFTXN101904,15-01-2026,Cult Koramangala,Cultpass PRO,Credit Card,9215.17,Settled,184.3,2.5,9028.37,3,Clean: Settled
CFTXN101905,26-01-2026,Cult Gurugram Cyberhub,Cultpass PRO,UPI,10779.64,Settled,0,0,10779.64,0,Clean: Settled
CFTXN101906,08-01-2026,Cult Gurugram Cyberhub,Cultpass LIVE,UPI,4250.43,Settled,0,0,4250.43,0,Clean: Settled
CFTXN101907,28-03-2026,Cult Indiranagar,Cultpass PLAY,Credit Card,9281.74,Failed,185.63,2.5,0,3,Leakage: Gateway Drop
CFTXN101908,11-02-2026,Cult Whitefield,Cultpass PRO,UPI,10378.97,Failed,0,0,0,0,Leakage: Gateway Drop
CFTXN101909,13-02-2026,Cult Gurugram Cyberhub,Cultpass LIVE,UPI,4140.36,Settled,0,0,4140.36,0,Clean: Settled
CFTXN101910,14-01-2026,Cult Indiranagar,Cultpass ELITE,Credit Card,15661.18,Settled,313.22,2.5,15345.46,3,Clean: Settled
CFTXN101911,19-03-2026,Cult Indiranagar,Cultpass PRO,Credit Card,11298.3,Failed,225.97,2.5,0,3,Leakage: Gateway Drop
CFTXN101912,02-01-2026,Cult Gurugram Cyberhub,Cultpass LIVE,Cash,4576.4,Failed,0,0,0,0,Leakage: Gateway Drop
CFTXN101913,06-02-2026,Cult Indiranagar,Cultpass ELITE,Debit Card,12144.25,Settled,121.44,1,12021.81,2,Clean: Settled
CFTXN101914,10-03-2026,Cult Koramangala,Cultpass PRO,Credit Card,9869.49,Settled,197.39,2.5,9669.6,3,Clean: Settled
CFTXN101915,07-02-2026,Cult Koramangala,Cultpass ELITE,Credit Card,16130.03,Pending,322.6,2.5,0,3,At Risk: In-Transit Float
CFTXN101916,10-02-2026,Cult Gurugram Cyberhub,Cultpass PRO,UPI,10620.44,Failed,0,0,0,0,Leakage: Gateway Drop
CFTXN101917,03-03-2026,Cult Whitefield,Cultpass PLAY,UPI,6746,Settled,0,0,6746,0,Clean: Settled
CFTXN101918,01-03-2026,Cult Koramangala,Cultpass PLAY,UPI,9035.12,Settled,0,0,9035.12,0,Clean: Settled
CFTXN101919,14-01-2026,Cult Koramangala,Cultpass LIVE,Credit Card,4911.69,Settled,98.23,2.5,4810.96,3,Clean: Settled
CFTXN101920,30-03-2026,Cult Gurugram Cyberhub,Cultpass LIVE,Net Banking,3473.43,Settled,52.1,3,3418.33,1,Clean: Settled
CFTXN101921,25-03-2026,Cult HSR Layout,Cultpass PRO,Debit Card,11089.15,Pending,110.89,1,0,2,At Risk: In-Transit Float
CFTXN101922,02-01-2026,Cult Indiranagar,Cultpass PRO,Credit Card,8339.43,Settled,166.79,2.5,8170.14,3,Clean: Settled
CFTXN101923,11-03-2026,Cult Koramangala,Cultpass ELITE,Debit Card,12334.24,Settled,123.34,1,12209.9,2,Clean: Settled
CFTXN101924,17-01-2026,Cult HSR Layout,Cultpass PRO,Debit Card,8452.28,Settled,84.52,1,8366.76,2,Clean: Settled
CFTXN101925,30-03-2026,Cult Whitefield,Cultpass PRO,Net Banking,8202.09,Settled,123.03,3,8076.06,1,Clean: Settled
CFTXN101926,28-01-2026,Cult HSR Layout,Cultpass PLAY,Net Banking,8957.54,Settled,134.36,3,8820.18,1,Clean: Settled
CFTXN101927,07-03-2026,Cult Gurugram Cyberhub,Cultpass PRO,Credit Card,8206.68,Settled,164.13,2.5,8040.05,3,Clean: Settled
CFTXN101928,04-02-2026,Cult Whitefield,Cultpass PRO,Net Banking,8950.82,Pending,134.26,3,0,1,At Risk: In-Transit Float
CFTXN101929,05-01-2026,Cult Whitefield,Cultpass PRO,UPI,8363.15,Settled,0,0,8363.15,0,Clean: Settled
CFTXN101930,06-03-2026,Cult HSR Layout,Cultpass PRO,Net Banking,9033.98,Pending,135.51,3,0,1,At Risk: In-Transit Float
CFTXN101931,09-02-2026,Cult Gurugram Cyberhub,Cultpass LIVE,Credit Card,3181.12,Settled,63.62,2.5,3115,3,Clean: Settled
CFTXN101932,17-03-2026,Cult Koramangala,Cultpass ELITE,UPI,16008.02,Settled,0,0,16008.02,0,Clean: Settled
CFTXN101933,25-02-2026,Cult HSR Layout,Cultpass PRO,Credit Card,8466.64,Settled,169.33,2.5,8294.81,3,Clean: Settled
CFTXN101934,05-02-2026,Cult Koramangala,Cultpass LIVE,UPI,4703.69,Pending,0,0,0,0,At Risk: In-Transit Float
CFTXN101935,14-02-2026,Cult HSR Layout,Cultpass PRO,Credit Card,10860.17,Settled,217.2,2.5,10640.47,3,Clean: Settled
CFTXN101936,23-01-2026,Cult Koramangala,Cultpass ELITE,UPI,12081.97,Pending,0,0,0,0,At Risk: In-Transit Float
CFTXN101937,16-02-2026,Cult HSR Layout,Cultpass PRO,Credit Card,11135.04,Failed,222.7,2.5,0,3,Leakage: Gateway Drop
CFTXN101938,31-01-2026,Cult Whitefield,Cultpass LIVE,Credit Card,3057.89,Pending,61.16,2.5,0,3,At Risk: In-Transit Float
CFTXN101939,11-01-2026,Cult Indiranagar,Cultpass ELITE,UPI,13437.87,Settled,0,0,13437.87,0,Clean: Settled
CFTXN101940,10-01-2026,Cult Whitefield,Cultpass LIVE,Net Banking,3064.78,Failed,45.97,3,0,1,Leakage: Gateway Drop
CFTXN101941,08-03-2026,Cult Koramangala,Cultpass LIVE,UPI,3671.69,Failed,0,0,0,0,Leakage: Gateway Drop
CFTXN101942,14-01-2026,Cult Gurugram Cyberhub,Cultpass PRO,Net Banking,9798.53,Settled,146.98,3,9648.55,1,Clean: Settled
CFTXN101943,21-03-2026,Cult Whitefield,Cultpass PLAY,Credit Card,8788.26,Failed,175.77,2.5,0,3,Leakage: Gateway Drop
CFTXN101944,15-03-2026,Cult Indiranagar,Cultpass LIVE,Debit Card,3675.96,Settled,36.76,1,3638.2,2,Clean: Settled
CFTXN101945,10-01-2026,Cult Koramangala,Cultpass LIVE,Debit Card,4410.98,Settled,44.11,1,4365.87,2,Clean: Settled
CFTXN101946,17-03-2026,Cult Whitefield,Cultpass LIVE,Credit Card,3375.01,Settled,67.5,2.5,3305.01,3,Clean: Settled
CFTXN101947,01-01-2026,Cult HSR Layout,Cultpass ELITE,UPI,16503.59,Settled,0,0,16503.59,0,Clean: Settled
CFTXN101948,05-01-2026,Cult Gurugram Cyberhub,Cultpass ELITE,UPI,13415.98,Settled,0,0,13415.98,0,Clean: Settled
CFTXN101949,20-01-2026,Cult Koramangala,Cultpass PRO,UPI,8502.41,Settled,0,0,8502.41,0,Clean: Settled
CFTXN101950,08-01-2026,Cult Whitefield,Cultpass ELITE,UPI,13112.45,Settled,0,0,13112.45,0,Clean: Settled
CFTXN101951,12-02-2026,Cult Koramangala,Cultpass PRO,UPI,8637.22,Pending,0,0,0,0,At Risk: In-Transit Float
CFTXN101952,17-03-2026,Cult HSR Layout,Cultpass PLAY,Credit Card,7795.02,Settled,155.9,2.5,7636.62,3,Clean: Settled
CFTXN101953,01-01-2026,Cult Indiranagar,Cultpass LIVE,Credit Card,4689.6,Failed,93.79,2.5,0,3,Leakage: Gateway Drop
CFTXN101954,26-02-2026,Cult Whitefield,Cultpass PRO,UPI,8278.62,Settled,0,0,8278.62,0,Clean: Settled
CFTXN101955,05-03-2026,Cult Koramangala,Cultpass PLAY,Credit Card,8474.35,Settled,169.49,2.5,8302.36,3,Clean: Settled
CFTXN101956,25-03-2026,Cult Koramangala,Cultpass LIVE,Credit Card,4308.69,Pending,86.17,2.5,0,3,At Risk: In-Transit Float
CFTXN101957,28-01-2026,Cult Koramangala,Cultpass PRO,Debit Card,11053.82,Failed,110.54,1,0,2,Leakage: Gateway Drop
CFTXN101958,06-02-2026,Cult Indiranagar,Cultpass ELITE,UPI,13464.89,Settled,0,0,13464.89,0,Clean: Settled
CFTXN101959,16-02-2026,Cult Koramangala,Cultpass PRO,Credit Card,9575.38,Settled,191.51,2.5,9381.37,3,Clean: Settled
CFTXN101960,17-03-2026,Cult Gurugram Cyberhub,Cultpass LIVE,UPI,4851.65,Settled,0,0,4851.65,0,Clean: Settled
CFTXN101961,06-02-2026,Cult Gurugram Cyberhub,Cultpass PRO,UPI,10309.98,Settled,0,0,10309.98,0,Clean: Settled
CFTXN101962,18-02-2026,Cult Koramangala,Cultpass PRO,Credit Card,9360.69,Settled,187.21,2.5,9170.98,3,Clean: Settled
CFTXN101963,13-02-2026,Cult Gurugram Cyberhub,Cultpass ELITE,UPI,12788.47,Failed,0,0,0,0,Leakage: Gateway Drop
CFTXN101964,25-02-2026,Cult Whitefield,Cultpass LIVE,UPI,3524.97,Failed,0,0,0,0,Leakage: Gateway Drop
CFTXN101965,28-01-2026,Cult Gurugram Cyberhub,Cultpass LIVE,UPI,4162.43,Settled,0,0,4162.43,0,Clean: Settled
CFTXN101966,20-03-2026,Cult Koramangala,Cultpass LIVE,UPI,4436.34,Settled,0,0,4436.34,0,Clean: Settled
CFTXN101967,06-01-2026,Cult HSR Layout,Cultpass PLAY,Credit Card,6435.48,Failed,128.71,2.5,0,3,Leakage: Gateway Drop
CFTXN101968,02-03-2026,Cult Whitefield,Cultpass LIVE,UPI,4199.19,Failed,0,0,0,0,Leakage: Gateway Drop
CFTXN101969,20-01-2026,Cult Indiranagar,Cultpass PLAY,Debit Card,7926.23,Failed,79.26,1,0,2,Leakage: Gateway Drop
CFTXN101970,19-03-2026,Cult Koramangala,Cultpass PLAY,Net Banking,7798.84,Settled,116.98,3,7678.86,1,Clean: Settled
CFTXN101971,02-01-2026,Cult Indiranagar,Cultpass LIVE,UPI,4380.25,Failed,0,0,0,0,Leakage: Gateway Drop
CFTXN101972,14-03-2026,Cult HSR Layout,Cultpass PRO,UPI,10931.07,Settled,0,0,10931.07,0,Clean: Settled
CFTXN101973,06-02-2026,Cult Indiranagar,Cultpass ELITE,Credit Card,13937.94,Failed,278.76,2.5,0,3,Leakage: Gateway Drop
CFTXN101974,20-01-2026,Cult Koramangala,Cultpass PRO,Credit Card,11111.54,Settled,222.23,2.5,10886.81,3,Clean: Settled
CFTXN101975,26-01-2026,Cult Koramangala,Cultpass PRO,Credit Card,8562.22,Settled,171.24,2.5,8388.48,3,Clean: Settled
CFTXN101976,29-01-2026,Cult HSR Layout,Cultpass ELITE,Debit Card,13038.14,Settled,130.38,1,12906.76,2,Clean: Settled
CFTXN101977,01-01-2026,Cult Koramangala,Cultpass ELITE,Credit Card,13600.63,Settled,272.01,2.5,13326.12,3,Clean: Settled
CFTXN101978,04-02-2026,Cult HSR Layout,Cultpass PLAY,Debit Card,6418.36,Settled,64.18,1,6353.18,2,Clean: Settled
CFTXN101979,11-03-2026,Cult HSR Layout,Cultpass PLAY,Credit Card,6806.12,Failed,136.12,2.5,0,3,Leakage: Gateway Drop
CFTXN101980,28-02-2026,Cult Koramangala,Cultpass LIVE,Cash,3212.82,Settled,0,0,3212.82,0,Clean: Settled
CFTXN101981,10-03-2026,Cult Gurugram Cyberhub,Cultpass PRO,Credit Card,10876.13,Failed,217.52,2.5,0,3,Leakage: Gateway Drop
CFTXN101982,02-02-2026,Cult HSR Layout,Cultpass ELITE,Net Banking,12833.81,Settled,192.51,3,12638.3,1,Clean: Settled
CFTXN101983,20-02-2026,Cult Koramangala,Cultpass ELITE,Net Banking,16483.79,Settled,247.26,3,16233.53,1,Clean: Settled
CFTXN101984,19-03-2026,Cult Gurugram Cyberhub,Cultpass ELITE,Debit Card,12287.48,Settled,122.87,1,12163.61,2,Clean: Settled
CFTXN101985,12-01-2026,Cult HSR Layout,Cultpass ELITE,UPI,17691.12,Settled,0,0,17691.12,0,Clean: Settled
CFTXN101986,20-01-2026,Cult Gurugram Cyberhub,Cultpass ELITE,Debit Card,16266.96,Settled,162.67,1,16103.29,2,Clean: Settled
CFTXN101987,22-02-2026,Cult Whitefield,Cultpass PLAY,UPI,6023.79,Failed,0,0,0,0,Leakage: Gateway Drop
CFTXN101988,29-03-2026,Cult Whitefield,Cultpass LIVE,Credit Card,4527.71,Settled,90.55,2.5,4434.66,3,Clean: Settled
CFTXN101989,12-02-2026,Cult Gurugram Cyberhub,Cultpass ELITE,Credit Card,15084.49,Settled,301.69,2.5,14780.3,3,Clean: Settled
CFTXN101990,30-03-2026,Cult HSR Layout,Cultpass ELITE,UPI,16676.19,Settled,0,0,16676.19,0,Clean: Settled
CFTXN101991,19-02-2026,Cult Koramangala,Cultpass PRO,Debit Card,9828.74,Settled,98.29,1,9729.45,2,Clean: Settled
CFTXN101992,29-01-2026,Cult Indiranagar,Cultpass ELITE,UPI,15846.15,Pending,0,0,0,0,At Risk: In-Transit Float
CFTXN101993,26-02-2026,Cult Koramangala,Cultpass PLAY,Credit Card,8752.16,Failed,175.04,2.5,0,3,Leakage: Gateway Drop
CFTXN101994,08-02-2026,Cult Indiranagar,Cultpass PRO,Debit Card,9417.88,Failed,94.18,1,0,2,Leakage: Gateway Drop
CFTXN101995,25-02-2026,Cult Indiranagar,Cultpass PRO,Credit Card,8009.48,Settled,160.19,2.5,7846.79,3,Clean: Settled
CFTXN101996,12-02-2026,Cult HSR Layout,Cultpass ELITE,Credit Card,17099.68,Failed,341.99,2.5,0,3,Leakage: Gateway Drop
CFTXN101997,19-02-2026,Cult Gurugram Cyberhub,Cultpass ELITE,Credit Card,14285.34,Failed,285.71,2.5,0,3,Leakage: Gateway Drop
CFTXN101998,23-01-2026,Cult Koramangala,Cultpass PRO,Credit Card,9736.15,Settled,194.72,2.5,9538.93,3,Clean: Settled
CFTXN101999,13-02-2026,Cult Gurugram Cyberhub,Cultpass LIVE,Credit Card,3015.53,Failed,60.31,2.5,0,3,Leakage: Gateway Drop
